"PersonID","CustomerID","FirstName","LastName","DateOfBirth","Nationality","Gender","MaritalStatus","Occupation","TaxID","IsPEP","SourceSystem"
"PERS0001","CUST0001","John","Smith","10-05-1980","USA","Male","Single","Engineer","TAX1001","FALSE","ERP"
"PERS0061","CUST0001","Jon","Smth","10-05-1980","USA","Male","Married","Manager","TAX1001","FALSE","WEB"
"PERS0002","CUST0003","Jane","Doe","15-07-1990","UK","Female","Married","Teacher","TAX1002","FALSE","CRM"
"PERS0062","CUST0003","Jaine","Do","15-07-1990","UK","Female","Single","Analyst","TAX1002","FALSE","ERP"
"PERS0003","CUST0004","Michael","Brown","22-03-1985","Canada","Male","Single","Analyst","TAX1003","FALSE","WEB"
"PERS0063","CUST0004","Mykel","Browne","22-03-1985","Canada","Male","Married","Developer","TAX1003","FALSE","CRM"
"PERS0004","CUST0006","Emily","Clark","30-11-1992","Australia","Female","Single","Designer","TAX1004","FALSE","ERP"
"PERS0064","CUST0006","Emely","Clarc","30-11-1992","Australia","Female","Married","Teacher","TAX1004","FALSE","WEB"
"PERS0005","CUST0008","David","Wilson","05-01-1978","USA","Male","Married","Manager","TAX1005","FALSE","CRM"
"PERS0065","CUST0008","Devid","Willson","05-01-1978","USA","Male","Single","Engineer","TAX1005","FALSE","ERP"
"PERS0006","CUST0009","Linda","Johnson","12-09-1988","UK","Female","Single","Consultant","TAX1006","FALSE","WEB"
"PERS0066","CUST0009","Lynda","Jonson","12-09-1988","UK","Female","Married","Artist","TAX1006","FALSE","CRM"
"PERS0007","CUST0011","Robert","Lee","18-06-1983","Canada","Male","Married","Developer","TAX1007","FALSE","ERP"
"PERS0067","CUST0011","Robbert","Le","18-06-1983","Canada","Male","Single","Chef","TAX1007","FALSE","WEB"
"PERS0008","CUST0013","Patricia","Walker","25-12-1995","Australia","Female","Single","Accountant","TAX1008","FALSE","CRM"
"PERS0068","CUST0013","Patrisha","Walkr","25-12-1995","Australia","Female","Married","Lawyer","TAX1008","FALSE","ERP"
"PERS0009","CUST0014","James","Hall","02-04-1979","USA","Male","Single","Doctor","TAX1009","FALSE","WEB"
"PERS0069","CUST0014","Jaems","Hawl","02-04-1979","USA","Male","Married","Scientist","TAX1009","FALSE","CRM"
"PERS0010","CUST0016","Barbara","Allen","19-08-1987","UK","Female","Married","Lawyer","TAX1010","FALSE","ERP"
"PERS0070","CUST0016","Barbra","Alen","19-08-1787","UK","Female","Single","Pharmacist","TAX1010","FALSE","WEB"
"PERS0011","CUST0018","William","Young","14-02-1982","Canada","Male","Single","Architect","TAX1011","FALSE","CRM"
"PERS0071","CUST0018","Willam","Yong","14-02-1982","Canada","Male","Married","Manager","TAX1011","FALSE","ERP"
"PERS0012","CUST0019","Elizabeth","Hernandez","23-10-1991","Australia","Female","Single","Scientist","TAX1012","FALSE","WEB"
"PERS0072","CUST0019","Elisabeth","Hernandes","23-10-1991","Australia","Female","Married","Accountant","TAX1012","FALSE","CRM"
"PERS0013","CUST0021","Richard","King","07-07-1984","USA","Male","Married","Writer","TAX1013","FALSE","ERP"
"PERS0073","CUST0021","Rikard","Kinng","07-07-1984","USA","Male","Single","Plumber","TAX1013","FALSE","WEB"
"PERS0014","CUST0023","Susan","Wright","29-03-1989","UK","Female","Single","Artist","TAX1014","FALSE","CRM"
"PERS0074","CUST0023","Suzan","Right","29-03-1989","UK","Female","Married","Teacher","TAX1014","FALSE","ERP"
"PERS0015","CUST0024","Joseph","Lopez","11-12-1977","Canada","Male","Single","Chef","TAX1015","FALSE","WEB"
"PERS0075","CUST0024","Josef","Lopes","11-12-1977","Canada","Male","Married","Analyst","TAX1015","FALSE","CRM"
"PERS0016","CUST0026","Karen","Scott","16-05-1993","Australia","Female","Married","Pharmacist","TAX1016","FALSE","ERP"
"PERS0076","CUST0026","Karrin","Scot","16-05-1993","Australia","Female","Single","Manager","TAX1016","FALSE","WEB"
"PERS0017","CUST0028","Thomas","Green","27-09-1981","USA","Male","Single","Plumber","TAX1017","FALSE","CRM"
"PERS0077","CUST0028","Tomas","Greene","27-09-1981","USA","Male","Married","Doctor","TAX1017","FALSE","ERP"
"PERS0018","CUST0029","Nancy","Adams","30-01-1986","UK","Female","Single","Engineer","TAX1018","FALSE","WEB"
"PERS0078","CUST0029","Nanci","Addams","30-01-1986","UK","Female","Married","Scientist","TAX1018","FALSE","CRM"
"PERS0019","CUST0031","Charles","Baker","21-06-1994","Canada","Male","Married","Teacher","TAX1019","FALSE","ERP"
"PERS0079","CUST0031","Charls","Bakker","21-06-1994","Canada","Male","Single","Lawyer","TAX1019","FALSE","WEB"
"PERS0020","CUST0033","Mary","Gonzalez","13-10-1980","Australia","Female","Single","Analyst","TAX1020","FALSE","CRM"
"PERS0080","CUST0033","Mari","Gonsalez","13-10-1980","Australia","Female","Married","Pharmacist","TAX1020","FALSE","ERP"
"PERS0021","CUST0034","Christopher","Nelson","08-02-1989","USA","Male","Single","Designer","TAX1021","FALSE","WEB"
"PERS0081","CUST0034","Kristofer","Nelzon","08-02-1989","USA","Male","Married","Artist","TAX1021","FALSE","CRM"
"PERS0022","CUST0036","Jessica","Carter","25-07-2027","UK","Female","Married","Manager","TAX1022","FALSE","ERP"
"PERS0082","CUST0036","Jessika","Cartar","25-07-1985","UK","Female","Single","Accountant","TAX1022","FALSE","WEB"
"PERS0023","CUST0038","Daniel","Mitchell","03-11-1992","Canada","Male","Single","Consultant","TAX1023","FALSE","CRM"
"PERS0083","CUST0038","Danial","Mitchel","03-11-1992","Canada","Male","Married","Developer","TAX1023","FALSE","ERP"
"PERS0024","CUST0039","Sarah","Perez","17-03-1978","Australia","Female","Single","Developer","TAX1024","FALSE","WEB"
"PERS0084","CUST0039","Sara","Peres","17-03-1978","Australia","Female","Married","Teacher","TAX1024","FALSE","CRM"
"PERS0025","CUST0041","Matthew","Roberts","28-08-1988","USA","Male","Married","Accountant","TAX1025","FALSE","ERP"
"PERS0085","CUST0041","Mathew","Robberts","28-08-1988","USA","Male","Single","Manager","TAX1025","FALSE","WEB"
"PERS0026","CUST0043","Ashley","Turner","12-01-1983","UK","Female","Single","Doctor","TAX1026","FALSE","CRM"
"PERS0086","CUST0043","Ashlee","Turnar","12-01-1983","UK","Female","Married","Lawyer","TAX1026","FALSE","ERP"
"PERS0027","CUST0044","Anthony","Phillips","19-05-1991","Canada","Male","Single","Lawyer","TAX1027","FALSE","WEB"
"PERS0087","CUST0044","Antony","Philips","19-05-1991","Canada","Male","Married","Chef","TAX1027","FALSE","CRM"
"PERS0028","CUST0046","Kimberly","Campbell","06-09-1984","Australia","Female","Married","Architect","TAX1028","FALSE","ERP"
"PERS0088","CUST0046","Kimberlee","Campbel","06-09-1984","Australia","Female","Single","Plumber","TAX1028","FALSE","WEB"
"PERS0029","CUST0048","Mark","Parker","22-12-1979","USA","Male","Single","Scientist","TAX1029","FALSE","CRM"
"PERS0089","CUST0048","Marc","Parkar","22-12-1979","USA","Male","Married","Engineer","TAX1029","FALSE","ERP"
"PERS0030","CUST0049","Donna","Evans","15-04-1987","UK","Female","Single","Writer","TAX1030","FALSE","WEB"
"PERS0090","CUST0049","Dona","Evens","15-04-1987","UK","Female","Married","Manager","TAX1030","FALSE","CRM"
"PERS0031","CUST0051","Steven","Edwards","03-08-1982","Canada","Male","Married","Artist","TAX1031","FALSE","ERP"
"PERS0091","CUST0051","Stevan","Edwardz","03-08-1982","Canada","Male","Single","Pharmacist","TAX1031","FALSE","WEB"
"PERS0032","CUST0053","Michelle","Collins","27-11-1990","Australia","Female","Single","Chef","TAX1032","FALSE","CRM"
"PERS0092","CUST0053","Michel","Collinz","27-11-1990","Australia","Female","Married","Scientist","TAX1032","FALSE","ERP"
"PERS0033","CUST0054","Paul","Stewart","18-02-1986","USA","Male","Single","Pharmacist","TAX1033","FALSE","WEB"
"PERS0093","CUST0054","Pol","Stewert","18-02-1986","USA","Male","Married","Teacher","TAX1033","FALSE","CRM"
"PERS0034","CUST0056","Laura","Sanchez","09-06-1993","UK","Female","Married","Plumber","TAX1034","FALSE","ERP"
"PERS0094","CUST0056","Lora","Sanhez","09-06-1993","UK","Female","Single","Accountant","TAX1034","FALSE","WEB"
"PERS0035","CUST0058","Andrew","Morris","31-10-1981","Canada","Male","Single","Engineer","TAX1035","FALSE","CRM"
"PERS0095","CUST0058","Andru","Morriz","31-10-1981","Canada","Male","Married","Developer","TAX1035","FALSE","ERP"
"PERS0036","CUST0059","Angela","Rogers","14-03-1985","Australia","Female","Single","Teacher","TAX1036","FALSE","WEB"
"PERS0096","CUST0059","Angella","Rodgers","14-03-1985","Australia","Female","Married","Chef","TAX1036","FALSE","CRM"
"PERS0037","CUST0061","Joshua","Reed","23-07-1992","USA","Male","Married","Analyst","TAX1037","FALSE","ERP"
"PERS0097","CUST0061","Josua","Read","23-07-1992","USA","Male","Single","Manager","TAX1037","FALSE","WEB"
"PERS0038","CUST0063","Melissa","Cook","05-11-1977","UK","Female","Single","Designer","TAX1038","FALSE","CRM"
"PERS0098","CUST0063","Melisa","Cooke","05-11-1977","UK","Female","Married","Lawyer","TAX1038","FALSE","ERP"
"PERS0039","CUST0064","Kevin","Morgan","28-01-1989","Canada","Male","Single","Manager","TAX1039","FALSE","WEB"
"PERS0099","CUST0064","Kevan","Morgon","28-01-1989","Canada","Male","Married","Artist","TAX1039","FALSE","CRM"
"PERS0040","CUST0066","Amy","Bell","11-05-1984","Australia","Female","Married","Consultant","TAX1040","FALSE","ERP"
"PERS0100","CUST0066","Aimee","Bel","11-05-1984","Australia","Female","Single","Pharmacist","TAX1040","FALSE","WEB"
"PERS0041","CUST0068","Brian","Murphy","02-09-1991","USA","Male","Single","Developer","TAX1041","FALSE","CRM"
"PERS0101","CUST0068","Bryan","Murfi","02-09-1991","USA","Male","Married","Scientist","TAX1041","FALSE","ERP"
"PERS0042","CUST0069","Rebecca","Bailey","16-12-1983","UK","Female","Single","Accountant","TAX1042","FALSE","WEB"
"PERS0102","CUST0069","Rebeka","Baile","16-12-1983","UK","Female","Married","Manager","TAX1042","FALSE","CRM"
"PERS0043","CUST0071","Edward","Rivera","07-04-1990","Canada","Male","Married","Doctor","TAX1043","FALSE","ERP"
"PERS0103","CUST0071","Edvard","Riveras","07-04-1990","Canada","Male","Single","Lawyer","TAX1043","FALSE","WEB"
"PERS0044","CUST0073","Stephanie","Cooper","20-08-1988","Australia","Female","Single","Lawyer","TAX1044","FALSE","CRM"
"PERS0104","CUST0073","Stefanie","Coopper","20-08-1988","Australia","Female","Married","Artist","TAX1044","FALSE","ERP"
"PERS0045","CUST0074","Jason","Richardson","02-02-1982","USA","Male","Single","Architect","TAX1045","FALSE","WEB"
"PERS0105","CUST0074","Jayson","Richardsoon","02-02-1982","USA","Male","Married","Teacher","TAX1045","FALSE","CRM"
"PERS0046","CUST0076","Sharon","Cox","15-06-1994","UK","Female","Married","Scientist","TAX1046","FALSE","ERP"
"PERS0106","CUST0076","Sharron","Cocks","15-06-1994","UK","Female","Single","Pharmacist","TAX1046","FALSE","WEB"
"PERS0047","CUST0078","Eric","Howard","29-10-1987","Canada","Male","Single","Writer","TAX1047","FALSE","CRM"
"PERS0107","CUST0078","Erik","Howerd","29-10-1987","Canada","Male","Married","Manager","TAX1047","FALSE","ERP"
"PERS0048","CUST0079","Deborah","Ward","03-03-1981","Australia","Female","Single","Artist","TAX1048","FALSE","WEB"
"PERS0108","CUST0079","Debra","Warde","03-03-1981","Australia","Female","Married","Lawyer","TAX1048","FALSE","CRM"
"PERS0049","CUST0081","Ryan","Brooks","26-07-1989","USA","Male","Married","Chef","TAX1049","FALSE","ERP"
"PERS0109","CUST0081","Rian","Brookes","26-07-1989","USA","Male","Single","Scientist","TAX1049","FALSE","WEB"
"PERS0050","CUST0083","Carol","James","17-11-1985","UK","Female","Single","Pharmacist","TAX1050","FALSE","CRM"
"PERS0110","CUST0083","Karol","Jaimes","17-11-1985","UK","Female","Married","Accountant","TAX1050","FALSE","ERP"
"PERS0051","CUST0084","Jeffrey","Bennett","08-03-1993","Canada","Male","Single","Plumber","TAX1051","FALSE","WEB"
"PERS0111","CUST0084","Jeffry","Benett","08-03-1993","Canada","Male","Married","Artist","TAX1051","FALSE","CRM"
"PERS0052","CUST0086","Janet","Gray","21-07-1978","Australia","Female","Married","Engineer","TAX1052","FALSE","ERP"
"PERS0112","CUST0086","Janett","Graye","21-07-1978","Australia","Female","Single","Manager","TAX1052","FALSE","WEB"
"PERS0053","CUST0088","Frank","Barnes","04-12-1986","USA","Male","Single","Teacher","TAX1053","FALSE","CRM"
"PERS0113","CUST0088","Frnak","Barns","04-12-1986","USA","Male","Married","Lawyer","TAX1053","FALSE","ERP"
"PERS0054","CUST0089","Emma","Long","27-04-1984","UK","Female","Single","Analyst","TAX1054","FALSE","WEB"
"PERS0114","CUST0089","Ema","Lang","27-04-1984","UK","Female","Married","Chef","TAX1054","FALSE","CRM"
"PERS0055","CUST0091","Patrick","Peterson","10-08-1991","Canada","Male","Married","Designer","TAX1055","FALSE","ERP"
"PERS0115","CUST0091","Patrik","Petterson","10-08-1991","Canada","Male","Single","Scientist","TAX1055","FALSE","WEB"
"PERS0056","CUST0093","Julie","Hughes","31-01-1983","Australia","Female","Single","Manager","TAX1056","FALSE","CRM"
"PERS0116","CUST0093","Jully","Hughs","31-01-1983","Australia","Female","Married","Pharmacist","TAX1056","FALSE","ERP"
"PERS0057","CUST0094","Gregory","Flores","24-05-1990","USA","Male","Single","Consultant","TAX1057","FALSE","WEB"
"PERS0117","CUST0094","Gregori","Florres","24-05-1990","USA","Male","Married","Teacher","TAX1057","FALSE","CRM"
"PERS0058","CUST0096","Christina","Washington","15-09-1987","UK","Female","Married","Developer","TAX1058","FALSE","ERP"
"PERS0118","CUST0096","Kristina","Washinton","15-09-1987","UK","Female","Single","Artist","TAX1058","FALSE","WEB"
"PERS0059","CUST0098","Scott","Butler","26-02-1982","Canada","Male","Single","Accountant","TAX1059","FALSE","CRM"
"PERS0119","CUST0098","Scot","Buttler","26-02-1982","Canada","Male","Married","Manager","TAX1059","FALSE","ERP"
"PERS0060","CUST0099","Teresa","Simmons","19-06-1994","Australia","Female","Single","Doctor","TAX1060","FALSE","WEB"
"PERS0120","CUST0099","Theresa","Simons","19-06-1994","Australia","Female","Married","Lawyer","TAX1060","FALSE","CRM"
