FirstName,LastName,DateOfBirth,Address_Street,Address_City,Address_State,Address_PostalCode,Address_Country,SourceEmail,SourcePhone,MemberID,EmployeeType,EmployeeGender.ForeignID,EmployeePosition.ForeignID,EmployeeStudy.ForeignID
Andrew,Dubois,10/19/2000,4296 Pine St,Madrid,,93695,IT,andrew.dubois@finance.eu,+39137098593,7729659013135,CONTRACTOR,1,8,5
Stephanie,Boyer,06/20/1970,743 Oak Ave,Boston,,74569,DE,stephanie.boyer@example.com,+49138267586,1572481599504,CONTRACTOR,6,3,7
Stephanie,Bernard,11/25/2003,4584 Oak Ave,Miami,,58566,CH,stephanie.bernard@company.org,+41773515850,6739830341653,PARTTIME,3,4,2
Betty,Martin,01/11/1979,829 Avenue Victor Hugo,Manchester,FL,74000,US,betty.martin@company.org,+11839335290,3840098471965,PARTTIME,7,3,3
Andrew,Bertrand,08/27/1975,423 Park Blvd,Paris,,56955,FR,andrew.bertrand@company.org,+33950240268,8676453791775,FULLTIME,6,2,8
Mark,Mercier,01/16/2006,7406 Corso Buenos Aires,Manchester,,90623,FR,mark.mercier@example.com,+33847007661,6581719965733,PARTTIME,6,8,2
Laura,Morel,04/22/1973,2068 Oxford Street,Brussels,,92978,FR,laura.morel@mail.net,+33856984789,6596529850410,PARTTIME,1,2,9
Sofia,Lefevre,08/01/1998,3744 Königstraße,Chicago,,69441,NL,sofia.lefevre@corp.io,+31615654527,6175835252782,FULLTIME,1,2,2
Lisa,Bernard,06/06/1993,9116 Oak Ave,Amsterdam,,83608,DE,lisa.bernard@mail.net,+49516560494,7386311850033,PARTTIME,1,10,9
Barbara,Leroy,04/05/2003,1774 Boulevard Saint-Germain,Geneva,,58176,GB,barbara.leroy@example.com,+444936899809,8149918277685,CONTRACTOR,7,5,1
Linda,Roux,09/20/1987,5752 Main St,Frankfurt,,28776,IT,linda.roux@mail.net,+39612018366,9584606263358,PARTTIME,3,3,6
Jessica,Morel,08/15/1967,2550 Sunset Blvd,Brussels,AR,88338,US,jessica.morel@example.com,+14767976438,6993371177023,FULLTIME,3,7,2
Joseph,Rivera,09/02/1987,3613 Unter den Linden,Brussels,AR,01007,US,joseph.rivera@company.org,+14324451076,5863982596162,FULLTIME,2,7,9
Youssef,Michel,11/17/2004,5803 Maple Rd,Madrid,,15544,BE,youssef.michel@corp.io,+32071596966,4944283045955,PARTTIME,1,7,1
Charles,Moreau,04/11/2001,1444 Königstraße,Berlin,,41891,IT,charles.moreau@corp.io,+39968164535,5797106899018,FULLTIME,1,9,2
Kimberly,Nguyen,05/24/1977,5753 Park Blvd,Manchester,,23474,IT,kimberly.nguyen@company.org,+39432921277,7693803479115,CONTRACTOR,7,10,8
Rebecca,Morel,05/12/1988,7206 Maple Rd,Rome,,67961,DE,rebecca.morel@banking.com,+49449058147,8546214723664,PARTTIME,1,1,6
Joseph,Lopez,02/06/1968,6300 Gran Via,Amsterdam,,82655,BE,joseph.lopez@banking.com,+32079359782,1698338142294,FULLTIME,4,2,6
Youssef,Martin,04/07/2005,642 Baker Street,Miami,,67377,DE,youssef.martin@corp.io,+49889255466,3020460587097,PARTTIME,6,10,1
Justin,Girard,11/29/1965,1549 Lakeview Dr,Seattle,,60667,IT,justin.girard@finance.eu,+39492519254,9197128097883,CONTRACTOR,6,7,3
Ryan,Martin,10/10/1987,6172 Avenue Victor Hugo,Munich,,97833,BE,ryan.martin@banking.com,+32816850542,3842248341601,FULLTIME,3,8,4
Robert,Durand,11/25/1973,4847 Cedar Ln,Zurich,,80748,FR,robert.durand@banking.com,+33805929622,8624020236387,FULLTIME,7,10,3
Sofia,Chevalier,12/02/1963,5969 Baker Street,Milan,,90031,CH,sofia.chevalier@finance.eu,+41738347359,6703914098790,PARTTIME,4,5,7
Steven,Patel,07/23/1997,3272 River Rd,Munich,,42768,DE,steven.patel@example.com,+49758181412,2754237757544,PARTTIME,4,9,3
Lisa,Martin,12/02/1979,5728 Main St,Barcelona,,16980,NL,lisa.martin@corp.io,+31853615305,5889134147702,FULLTIME,7,6,3
Michael,Chen,09/26/1985,2274 Via Roma,Milan,,90654,NL,michael.chen@example.com,+31104328986,1489365297273,FULLTIME,7,5,4
Jessica,Dubois,04/13/1964,6879 River Rd,Milan,,18232,GB,jessica.dubois@example.com,+447980893246,2196556564609,FULLTIME,5,6,4
Joshua,Boyer,10/20/1976,8577 Boulevard Saint-Germain,Marseille,,78951,FR,joshua.boyer@mail.net,+33888067065,2210669092993,PARTTIME,6,1,6
Kevin,Andre,08/19/1981,9534 Avenue Victor Hugo,Munich,,15811,FR,kevin.andre@finance.eu,+33852772217,5089747908747,FULLTIME,3,4,1
James,Chen,04/24/1988,8445 Unter den Linden,Geneva,,72049,ES,james.chen@finance.eu,+34034505415,6526403963021,PARTTIME,4,8,7
Sarah,Simon,07/07/2004,6019 Corso Buenos Aires,New York,,20828,NL,sarah.simon@banking.com,+31616928451,7569796200590,FULLTIME,3,5,5
Mark,Garnier,12/13/1974,5760 Gran Via,Lyon,,56210,NL,mark.garnier@mail.net,+31640165820,6839395360910,FULLTIME,7,10,8
Thomas,Durand,01/12/1966,6002 Boulevard Saint-Germain,Madrid,,84349,GB,thomas.durand@example.com,+449275571928,2548141688977,PARTTIME,4,6,5
Elizabeth,Dubois,04/29/1962,8177 Corso Buenos Aires,Madrid,,83619,DE,elizabeth.dubois@example.com,+49447394731,3304461351060,FULLTIME,7,2,8
Linda,Chevalier,11/16/1967,5693 Maple Rd,Geneva,,81063,IT,linda.chevalier@finance.eu,+39422583132,8028689830037,FULLTIME,7,8,1
Karen,Diaz,02/04/1993,9039 Park Blvd,Brussels,,21300,NL,karen.diaz@example.com,+31467866912,3733975277719,PARTTIME,6,2,8
Betty,Patel,11/28/1990,9033 Pine St,Frankfurt,,26912,DE,betty.patel@corp.io,+49801824225,6210629058713,CONTRACTOR,2,6,9
Joseph,Martin,06/25/1982,9025 Oxford Street,Munich,,91922,GB,joseph.martin@finance.eu,+449818299229,7605480054946,CONTRACTOR,5,6,10
Thomas,Randall,04/15/1967,9450 Oxford Street,Los Angeles,IL,74991,US,thomas.randall@corp.io,+19078447364,3303802357926,PARTTIME,1,1,3
Mark,Boyer,06/11/2003,3343 Avenue Victor Hugo,Brussels,,28830,NL,mark.boyer@finance.eu,+31556258815,9541268222119,FULLTIME,4,2,5
Mark,Garcia,08/21/1972,830 Rue de Rivoli,Madrid,,90658,FR,mark.garcia@corp.io,+33325953278,9682317303976,PARTTIME,4,5,8
Ashley,Martin,04/12/1995,7492 Baker Street,London,,86460,BE,ashley.martin@finance.eu,+32004797480,2802754416809,FULLTIME,4,3,5
Sofia,Mercier,03/05/1996,742 Unter den Linden,Lyon,,84747,IT,sofia.mercier@mail.net,+39358416878,3514526621865,PARTTIME,7,10,10
Patricia,Durand,09/03/1968,6115 Avenue Victor Hugo,Geneva,,57920,CH,patricia.durand@company.org,+41398680002,4704859533483,CONTRACTOR,3,8,9
Betty,Leroy,04/01/2006,5374 River Rd,Chicago,,31299,DE,betty.leroy@corp.io,+49949588879,5700874938547,PARTTIME,4,1,6
Sarah,Dubois,05/15/1997,437 River Rd,Rome,,44803,ES,sarah.dubois@banking.com,+34993097289,1142912805044,PARTTIME,2,4,1
Joshua,Dubois,02/11/1977,7226 Avenue Victor Hugo,Barcelona,GA,54127,US,joshua.dubois@banking.com,+13689702838,4953708789941,PARTTIME,6,8,9
Matthew,Morel,07/15/1975,8735 Avenue Victor Hugo,Geneva,,56437,NL,matthew.morel@banking.com,+31497334843,6463878629557,PARTTIME,7,5,4
Amina,Rivera,06/10/1988,5715 Lakeview Dr,Denver,,45842,NL,amina.rivera@finance.eu,+31198665240,9084219275445,PARTTIME,6,2,6
Mark,Bertrand,12/24/2002,3311 Lakeview Dr,New York,,83664,GB,mark.bertrand@banking.com,+444219933083,8705848846520,CONTRACTOR,2,1,2
Anthony,Girard,05/19/2002,2253 Main St,Geneva,,30701,FR,anthony.girard@corp.io,+33773454019,1896987185344,FULLTIME,5,1,3
Anthony,Simon,04/05/1963,8117 Sunset Blvd,Denver,,47941,CH,anthony.simon@example.com,+41049915478,6814782857409,CONTRACTOR,4,3,9
Betty,Roux,04/19/1977,5418 Sunset Blvd,Denver,,70150,FR,betty.roux@banking.com,+33420549329,3881146960064,CONTRACTOR,4,7,9
Charles,Martin,12/17/1995,3028 Park Blvd,Rome,,52415,FR,charles.martin@company.org,+33046374549,4498718886087,CONTRACTOR,5,1,5
Stephanie,Mercier,03/14/1981,1937 Gran Via,Boston,HI,53138,US,stephanie.mercier@banking.com,+18414593327,6135563706570,FULLTIME,4,10,6
Anthony,Diaz,03/29/2002,3579 Baker Street,Seattle,,88094,BE,anthony.diaz@example.com,+32878519108,6475931779276,CONTRACTOR,2,10,9
Jennifer,Moreau,06/08/1989,7240 Cedar Ln,Seattle,,36922,BE,jennifer.moreau@banking.com,+32971870728,8321907531984,PARTTIME,4,10,1
Emily,Faure,08/25/1987,6488 Oxford Street,Paris,WI,28560,US,emily.faure@mail.net,+11065180170,5591039604949,PARTTIME,4,3,3
Stephanie,Boyer,08/05/1993,7349 Unter den Linden,Madrid,,20518,CH,stephanie.boyer@banking.com,+41825128682,5049290270938,CONTRACTOR,2,1,1
Jessica,Faure,01/18/1998,6215 Baker Street,Manchester,,70375,BE,jessica.faure@finance.eu,+32243106903,6156331751665,FULLTIME,1,2,10
Thomas,Chevalier,05/14/1964,725 Unter den Linden,Milan,,40715,GB,thomas.chevalier@mail.net,+443028439599,8381094320374,CONTRACTOR,7,6,4
Jessica,Leroy,10/06/2006,6776 Rue de Rivoli,New York,,17989,GB,jessica.leroy@mail.net,+449268705685,9828437786878,CONTRACTOR,4,7,3
Jessica,Blanc,06/30/1976,7759 Baker Street,Manchester,,49418,BE,jessica.blanc@banking.com,+32270866882,2473290184959,PARTTIME,2,5,4
Sarah,Martin,05/08/2000,1515 Lakeview Dr,Denver,,34966,IT,sarah.martin@example.com,+39469901398,4368322330884,FULLTIME,4,4,6
Jessica,Crawford,01/01/1979,1923 Via Roma,Manchester,,89220,GB,jessica.crawford@banking.com,+443638546785,5991116192008,PARTTIME,3,6,9
Sandra,Faure,11/05/1968,5247 High Street,San Francisco,,51015,NL,sandra.faure@corp.io,+31093204899,3801464598795,CONTRACTOR,4,5,3
James,Girard,08/20/1980,9336 Baker Street,Rome,,82173,CH,james.girard@banking.com,+41547772522,9717467949323,CONTRACTOR,5,8,3
Andrew,Sherman,01/13/1963,795 Main St,Barcelona,,28021,FR,andrew.sherman@banking.com,+33312038750,7683367452945,CONTRACTOR,6,10,8
Brandon,Rivera,05/30/1961,8720 Lakeview Dr,Barcelona,AL,02192,US,brandon.rivera@mail.net,+14840862118,2384605262099,FULLTIME,2,4,10
Kimberly,Bertrand,10/19/1991,6503 Maple Rd,San Francisco,,63218,ES,kimberly.bertrand@corp.io,+34933410166,9171252408595,PARTTIME,5,8,1
Justin,Crawford,05/17/1975,8190 Königstraße,Los Angeles,,53420,FR,justin.crawford@mail.net,+33180339740,1242884004126,FULLTIME,6,5,9
Joshua,Chen,02/03/1976,257 High Street,Amsterdam,,28899,IT,joshua.chen@banking.com,+39614293968,5350585454885,PARTTIME,4,3,2
Steven,Andre,10/25/1964,7162 Baker Street,Marseille,,54642,FR,steven.andre@mail.net,+33996504773,6063342139692,PARTTIME,5,7,7
Linda,Blanc,09/09/1967,4038 Maple Rd,Marseille,,45123,ES,linda.blanc@company.org,+34626551104,6706656964911,PARTTIME,3,5,2
Michael,Martin,10/23/1976,7354 Lakeview Dr,Geneva,,77166,CH,michael.martin@corp.io,+41101581995,4784533967152,PARTTIME,1,5,7
Matthew,Martin,10/11/1981,2779 Unter den Linden,Frankfurt,,28198,BE,matthew.martin@finance.eu,+32447212646,1703776358705,PARTTIME,4,2,6
William,Garcia,06/24/2004,7502 Cedar Ln,Munich,,49932,GB,william.garcia@example.com,+446596575692,9930004312372,PARTTIME,3,10,4
Paul,Morel,12/08/1975,5229 Rue de Rivoli,Denver,,92955,CH,paul.morel@corp.io,+41935646519,8179262253366,FULLTIME,5,9,3
Rebecca,Diaz,05/31/1962,3435 Gran Via,Boston,,19064,NL,rebecca.diaz@corp.io,+31724342661,5409303152958,PARTTIME,5,8,10
Nancy,Khan,06/13/2005,8908 Oak Ave,San Francisco,,80373,CH,nancy.khan@mail.net,+41113529096,6324486160707,PARTTIME,7,7,2
Cheryl,Bernard,03/19/1983,8367 Corso Buenos Aires,Geneva,,86089,GB,cheryl.bernard@banking.com,+449375679825,9586586831180,FULLTIME,4,2,5
Anthony,Martin,05/31/1970,5708 Rue de Rivoli,Chicago,,69681,DE,anthony.martin@company.org,+49875717751,8856133396834,PARTTIME,1,2,1
Sarah,Bernard,09/29/1974,8455 Sunset Blvd,Geneva,,30989,GB,sarah.bernard@finance.eu,+448673622660,6263858538852,CONTRACTOR,5,4,8
Angela,Garnier,11/19/1994,3520 High Street,New York,WV,92243,US,angela.garnier@example.com,+19182553714,2441474267493,CONTRACTOR,7,8,9
Justin,Morel,11/12/1994,9618 Cedar Ln,San Francisco,,56135,CH,justin.morel@corp.io,+41924991251,6915797713259,FULLTIME,3,2,3
Karen,Leroy,10/29/2005,6853 River Rd,Munich,,85340,CH,karen.leroy@corp.io,+41627828274,8559778498935,FULLTIME,2,6,8
Melissa,Sherman,03/17/1992,7940 Park Blvd,London,MS,73607,US,melissa.sherman@mail.net,+17676772190,4351721980282,FULLTIME,3,1,5
Robert,Khan,11/24/1985,7493 Pine St,Denver,,74921,DE,robert.khan@mail.net,+49819148580,7576251369853,CONTRACTOR,4,9,4
Lisa,Bernard,03/17/1982,529 Gran Via,New York,,55688,ES,lisa.bernard@example.com,+34713395962,8669030594944,CONTRACTOR,2,4,4
Donna,Andre,03/20/1985,2759 Avenue Victor Hugo,Miami,,48356,BE,donna.andre@finance.eu,+32948126042,9090982689154,CONTRACTOR,7,3,4
Jennifer,Morel,03/17/1982,8020 Park Blvd,Amsterdam,,92890,CH,jennifer.morel@finance.eu,+41667116845,1021423808904,PARTTIME,4,6,10
Cheryl,Martin,02/16/2001,1038 Lakeview Dr,Madrid,,38551,IT,cheryl.martin@corp.io,+39374545892,3503221320075,CONTRACTOR,7,8,6
Rebecca,Sherman,02/14/1964,7530 Main St,Berlin,,30707,FR,rebecca.sherman@corp.io,+33706324241,9268203927949,CONTRACTOR,3,5,2
Karen,Moreau,08/23/1964,5006 Baker Street,Barcelona,,95915,CH,karen.moreau@example.com,+41103712938,2428765659538,CONTRACTOR,4,1,1
Amina,Girard,10/26/1970,2166 Via Roma,Marseille,,40008,CH,amina.girard@corp.io,+41111554262,4850116686227,CONTRACTOR,6,3,2
Kimberly,Crawford,09/21/1974,5754 High Street,Los Angeles,,29840,NL,kimberly.crawford@corp.io,+31973112196,6317940208019,PARTTIME,4,6,3
Elizabeth,Roux,07/23/1967,9067 River Rd,Brussels,,89638,GB,elizabeth.roux@finance.eu,+440438983640,8776576915858,FULLTIME,4,7,2
Elizabeth,Rivera,05/15/1966,198 Boulevard Saint-Germain,Chicago,,27299,BE,elizabeth.rivera@corp.io,+32965827109,2203388955030,FULLTIME,1,5,4
Thomas,Sherman,09/14/1995,4694 Corso Buenos Aires,Barcelona,,65518,BE,thomas.sherman@banking.com,+32618892414,5359911514519,FULLTIME,5,4,3
Andrew,Morel,01/20/1995,5082 Königstraße,Denver,,41278,FR,andrew.morel@example.com,+33316179904,1560157888921,CONTRACTOR,6,3,2
Cheryl,Durand,01/06/1961,8134 Boulevard Saint-Germain,Zurich,,77793,DE,cheryl.durand@banking.com,+49425241056,2961251404189,PARTTIME,5,2,5
Youssef,Lopez,07/05/2004,8369 Boulevard Saint-Germain,Lyon,,75484,NL,youssef.lopez@mail.net,+31252419138,9322721567135,FULLTIME,1,1,4
Thomas,Lambert,08/26/1992,2459 Sunset Blvd,Lyon,,82465,CH,thomas.lambert@banking.com,+41635365419,9931981275559,PARTTIME,1,9,1
Linda,Michel,04/09/2006,6569 Maple Rd,Milan,MA,40723,US,linda.michel@finance.eu,+11870534949,5421793876393,FULLTIME,4,6,10
Sandra,Laurent,12/28/1981,105 Königstraße,Paris,,40539,DE,sandra.laurent@mail.net,+49505064138,6667873802666,FULLTIME,4,8,1
Jennifer,Roux,05/06/1968,3793 Corso Buenos Aires,Barcelona,VA,48823,US,jennifer.roux@corp.io,+11918261990,5901967559084,PARTTIME,6,3,4
Joseph,Bertrand,04/05/1988,5346 Avenue Victor Hugo,Milan,,45645,CH,joseph.bertrand@company.org,+41132912127,1646607741360,PARTTIME,3,7,2
Andrew,Andre,08/17/1978,5052 Gran Via,New York,,25717,NL,andrew.andre@example.com,+31249035213,3215197391284,PARTTIME,4,9,1
Rebecca,Fournier,05/05/1983,510 Unter den Linden,Milan,,82869,DE,rebecca.fournier@banking.com,+49831712100,8943617501620,FULLTIME,2,4,7
Karen,Martin,03/22/1983,358 Maple Rd,London,,94670,FR,karen.martin@corp.io,+33215107029,3017435138489,PARTTIME,7,7,8
Ashley,Blanc,04/11/1998,5800 High Street,Frankfurt,,46042,DE,ashley.blanc@finance.eu,+49720999347,9386285185466,PARTTIME,5,8,1
Laura,Roux,05/12/1994,6869 High Street,Los Angeles,,78919,DE,laura.roux@company.org,+49806578759,4382618970559,CONTRACTOR,3,7,5
Linda,Randall,08/09/1988,481 Oxford Street,Lyon,,71824,GB,linda.randall@mail.net,+445932133480,3301119435213,FULLTIME,5,7,6
Linda,Simon,03/22/1981,5879 Pine St,Paris,,56095,IT,linda.simon@mail.net,+39929378427,8390992648653,FULLTIME,1,1,4
Ryan,Michel,10/15/1961,7832 Main St,Chicago,,90495,BE,ryan.michel@company.org,+32252500292,8182679800275,FULLTIME,7,9,6
Kevin,Mercier,06/28/1995,5515 Rue de Rivoli,Chicago,,27884,FR,kevin.mercier@company.org,+33675289539,5203473748446,FULLTIME,4,5,5
Michael,Simon,02/28/1960,9298 Oak Ave,Frankfurt,,88956,CH,michael.simon@finance.eu,+41939172513,1035987415523,PARTTIME,3,3,2
Youssef,Girard,01/26/2000,4346 High Street,Manchester,VA,08885,US,youssef.girard@finance.eu,+14100676267,9128408545773,PARTTIME,3,9,7
Brian,Lambert,03/27/1980,7394 Maple Rd,Lyon,,48654,DE,brian.lambert@example.com,+49541152621,2065574590958,CONTRACTOR,1,6,10
Melissa,Lambert,10/12/1962,2704 River Rd,Barcelona,,30591,CH,melissa.lambert@example.com,+41153368844,6228876671470,PARTTIME,2,2,1
Nancy,Diaz,01/17/2004,894 Boulevard Saint-Germain,Paris,,66047,DE,nancy.diaz@example.com,+49497310324,2222796825072,FULLTIME,4,2,5
Nancy,Lambert,11/17/2003,1494 Lakeview Dr,Madrid,,34232,ES,nancy.lambert@finance.eu,+34652704774,3687335051761,FULLTIME,7,5,10
Donna,Leroy,09/03/1968,5633 Lakeview Dr,Barcelona,,87296,FR,donna.leroy@company.org,+33806868793,2805994572272,PARTTIME,3,2,7
Youssef,Chen,01/16/2005,9364 River Rd,Munich,,25765,BE,youssef.chen@corp.io,+32223320616,2411540300274,FULLTIME,7,3,10
William,Morel,01/04/1966,6359 Lakeview Dr,Madrid,,82358,FR,william.morel@finance.eu,+33487099861,6670509580791,PARTTIME,2,3,10
Angela,Bernard,06/23/1969,4688 Lakeview Dr,San Francisco,,63856,FR,angela.bernard@finance.eu,+33679970246,1586008873464,FULLTIME,5,10,7
Thomas,Guerin,09/27/1989,808 Via Roma,New York,,58816,GB,thomas.guerin@example.com,+445444713247,9693137072641,PARTTIME,3,7,10
Stephanie,Martin,11/10/1976,3464 Königstraße,Denver,,73499,NL,stephanie.martin@mail.net,+31508214862,5654042565123,CONTRACTOR,5,1,3
James,Laurent,03/03/1965,542 Gran Via,Lyon,,57235,GB,james.laurent@banking.com,+443457861035,7079245160972,PARTTIME,5,8,3
Paul,Diaz,05/18/1991,2680 Oxford Street,Denver,,21847,IT,paul.diaz@finance.eu,+39060293333,7769141307920,PARTTIME,6,7,9
Ashley,Crawford,07/14/2002,2838 River Rd,Paris,,39329,DE,ashley.crawford@finance.eu,+49944665743,9467466353175,PARTTIME,3,9,10
Nancy,Bernard,08/28/1960,6132 Lakeview Dr,Los Angeles,,87826,BE,nancy.bernard@mail.net,+32441715454,2495953582622,PARTTIME,6,5,4
Jennifer,Patel,07/23/1981,9831 Unter den Linden,Seattle,ME,89228,US,jennifer.patel@company.org,+10744666099,3037202948641,FULLTIME,3,4,9
Justin,Lambert,02/29/1992,4919 Sunset Blvd,Seattle,,83170,BE,justin.lambert@company.org,+32417248251,5905224866340,FULLTIME,3,4,5
Anthony,Girard,05/06/1993,9594 Rue de Rivoli,Milan,,25437,ES,anthony.girard2@corp.io,+34099917381,7944063103524,CONTRACTOR,4,9,5
Anthony,Sherman,07/11/1973,3282 Avenue Victor Hugo,Barcelona,,84632,DE,anthony.sherman@corp.io,+49252175250,3138242322983,FULLTIME,4,5,4
David,Moreau,12/03/2003,2121 River Rd,Barcelona,,93032,FR,david.moreau@corp.io,+33667600835,1880713818667,FULLTIME,3,9,4
Ashley,Crawford,04/28/1982,5642 Rue de Rivoli,Munich,,23462,GB,ashley.crawford@corp.io,+448942104478,4863567680057,CONTRACTOR,5,6,7
Rebecca,Durand,09/30/1990,5886 High Street,Frankfurt,,62873,NL,rebecca.durand@example.com,+31332309821,9769277149755,PARTTIME,6,1,7
Justin,Bertrand,05/11/1964,1772 Main St,Lyon,VA,15176,US,justin.bertrand@corp.io,+17618472304,8723590771261,PARTTIME,6,2,9
Susan,Durand,07/29/1997,8382 River Rd,Berlin,,47054,FR,susan.durand@example.com,+33173934835,5438052057666,CONTRACTOR,4,5,3
Thomas,Diaz,07/12/2004,7876 Avenue Victor Hugo,Manchester,,10358,GB,thomas.diaz@example.com,+441197218114,1724915898950,CONTRACTOR,2,8,5
William,Faure,06/29/1964,2863 Oak Ave,Boston,,57214,FR,william.faure@banking.com,+33561100225,5919199298118,PARTTIME,4,10,5
Sofia,Martin,06/06/1993,2997 Cedar Ln,Madrid,,62461,IT,sofia.martin@corp.io,+39467621202,2048278723150,FULLTIME,4,10,8
Joshua,Chevalier,04/05/1976,5876 River Rd,Paris,,99714,CH,joshua.chevalier@banking.com,+41277167014,5309033439831,CONTRACTOR,3,1,9
Hugo,Michel,05/08/1990,8571 River Rd,Berlin,,66734,BE,hugo.michel@banking.com,+32375628900,2768979257948,CONTRACTOR,2,9,8
Sandra,Moreau,09/19/1966,5254 Baker Street,Chicago,,46458,NL,sandra.moreau@example.com,+31838663177,2923551236702,CONTRACTOR,4,2,8
Mark,Morel,08/25/1970,292 Cedar Ln,Madrid,,64046,NL,mark.morel@example.com,+31880199488,9544561853022,FULLTIME,6,8,6
Karen,Sherman,12/31/1979,5440 Lakeview Dr,Brussels,,88636,NL,karen.sherman@corp.io,+31571130554,6780389317215,CONTRACTOR,5,6,2
Thomas,Moreau,03/05/2004,6705 Cedar Ln,New York,,90065,DE,thomas.moreau@company.org,+49316373516,5893596084836,FULLTIME,6,10,2
Mark,Faure,03/26/2005,8173 Main St,Zurich,,16366,DE,mark.faure@mail.net,+49697829221,2645100452462,PARTTIME,6,10,10
Charles,Nguyen,07/05/1994,9978 Baker Street,New York,,62149,CH,charles.nguyen@finance.eu,+41472269848,2872230480495,PARTTIME,6,9,4
James,Lefevre,01/25/1986,2174 Sunset Blvd,Zurich,,81105,IT,james.lefevre@banking.com,+39515879968,6059131867759,PARTTIME,7,7,1
Kimberly,Bernard,04/08/1962,2382 Oak Ave,Seattle,,17419,CH,kimberly.bernard@company.org,+41424420438,2326815322748,FULLTIME,3,8,2
Melissa,Diaz,02/15/1980,6372 Baker Street,Zurich,,47701,BE,melissa.diaz@banking.com,+32066658004,4509943626369,FULLTIME,5,8,4
Justin,Mercier,08/16/1977,4820 Gran Via,Frankfurt,,99477,GB,justin.mercier@example.com,+442281606484,1671155067525,FULLTIME,2,10,5
Cheryl,Girard,11/01/2001,655 Park Blvd,Chicago,,88234,DE,cheryl.girard@example.com,+49947985158,2419659143815,FULLTIME,2,9,2
Steven,Moreau,04/25/1997,8799 Unter den Linden,Marseille,,55796,BE,steven.moreau@company.org,+32355543987,6342941059723,CONTRACTOR,7,1,2
Brandon,Andre,12/25/1999,3995 Oak Ave,Seattle,,52065,GB,brandon.andre@corp.io,+441648408588,7438033525387,PARTTIME,4,1,5
Stephanie,Laurent,09/26/1988,1350 Cedar Ln,Frankfurt,,80513,BE,stephanie.laurent@mail.net,+32013361386,4765425398414,CONTRACTOR,7,2,3
Ashley,Faure,10/04/1989,1434 Maple Rd,Lyon,IA,33018,US,ashley.faure@mail.net,+11934667665,1682350760592,FULLTIME,4,2,9
Cheryl,Lopez,01/31/1964,5861 Corso Buenos Aires,Berlin,,47989,FR,cheryl.lopez@banking.com,+33491476607,6985642353299,FULLTIME,5,4,3
Hugo,Guerin,06/18/1986,4884 Boulevard Saint-Germain,Paris,,82551,DE,hugo.guerin@mail.net,+49210099688,8100591133334,FULLTIME,3,4,6
Barbara,Boyer,12/25/2005,2638 Sunset Blvd,Manchester,,90856,DE,barbara.boyer@finance.eu,+49312908781,3894079842969,PARTTIME,6,2,5
Brian,Laurent,09/16/2003,5852 Park Blvd,Seattle,,95914,IT,brian.laurent@company.org,+39149135775,9990284391066,CONTRACTOR,6,5,10
Jennifer,Mercier,05/18/1988,2763 Main St,Chicago,,42266,CH,jennifer.mercier@company.org,+41645257775,2165086075550,PARTTIME,4,9,2
Linda,Martin,03/05/1985,8825 High Street,New York,,92132,DE,linda.martin@example.com,+49108099693,5664202214049,FULLTIME,5,5,9
Andrew,Lambert,05/02/1973,6431 Baker Street,Amsterdam,,48141,IT,andrew.lambert@company.org,+39788165803,9266067477154,CONTRACTOR,6,3,9
Michael,Chevalier,04/14/1974,9280 Pine St,Seattle,,29162,DE,michael.chevalier@banking.com,+49750373145,6980376640166,FULLTIME,1,4,9
Karen,Blanc,02/19/2002,761 Oak Ave,Los Angeles,,52476,NL,karen.blanc@example.com,+31844989266,9519233333939,PARTTIME,5,2,9
William,Blanc,12/30/1979,6650 Boulevard Saint-Germain,San Francisco,,73813,BE,william.blanc@corp.io,+32908272318,1125499878070,CONTRACTOR,3,4,3
Linda,Moreau,06/30/1992,3774 Königstraße,Chicago,,24855,FR,linda.moreau@corp.io,+33773926030,6937048595129,FULLTIME,5,10,3
Michael,Nguyen,07/08/1963,917 Sunset Blvd,New York,,33597,DE,michael.nguyen@mail.net,+49699041379,4922282656442,PARTTIME,7,8,3
Robert,Boyer,10/20/1972,8370 Oxford Street,Frankfurt,,99861,DE,robert.boyer@finance.eu,+49799136621,8113417591484,FULLTIME,2,9,9
Rebecca,Boyer,06/01/1973,2907 Via Roma,Brussels,,88618,FR,rebecca.boyer@example.com,+33881172980,4362736323263,CONTRACTOR,6,7,9
Anthony,Mercier,11/24/1963,7029 Baker Street,Rome,,59969,BE,anthony.mercier@finance.eu,+32991624731,7364547568321,PARTTIME,5,9,7
William,Laurent,06/28/1960,9470 Corso Buenos Aires,Berlin,NY,00942,US,william.laurent@corp.io,+13565126944,5298743732931,CONTRACTOR,4,10,6
Melissa,Roux,08/28/1995,6771 Lakeview Dr,Geneva,,73238,GB,melissa.roux@company.org,+445887449562,9562955360970,CONTRACTOR,1,4,8
Amina,Moreau,12/29/1968,8329 Unter den Linden,Chicago,,82165,GB,amina.moreau@mail.net,+440260127961,7683402910416,FULLTIME,3,4,6
Laura,Chen,06/24/1994,8537 Rue de Rivoli,Miami,,88311,CH,laura.chen@example.com,+41277038430,3895059794640,CONTRACTOR,5,9,4
Melissa,Moreau,03/27/1963,3920 Main St,Frankfurt,,21382,IT,melissa.moreau@finance.eu,+39656693801,1364860848852,FULLTIME,5,5,9
Angela,Andre,03/05/1991,3708 River Rd,London,,69606,ES,angela.andre@corp.io,+34904268181,4737973078743,CONTRACTOR,3,6,2
Steven,Bertrand,06/10/1982,6179 Pine St,Rome,,41886,NL,steven.bertrand@finance.eu,+31779071416,3926778313442,CONTRACTOR,7,4,4
Charles,Boyer,09/05/1991,8777 Main St,Miami,,44517,BE,charles.boyer@company.org,+32416518275,7419170390756,PARTTIME,2,10,5
Linda,Laurent,10/07/2004,3848 Baker Street,New York,,37102,GB,linda.laurent@company.org,+443395211179,1997108581093,FULLTIME,7,9,1
Paul,Mercier,04/18/1988,9413 Oxford Street,Rome,,33969,NL,paul.mercier@mail.net,+31463920867,9891716104934,CONTRACTOR,1,9,6
Nancy,Simon,01/06/2001,8491 Gran Via,Chicago,,11103,FR,nancy.simon@example.com,+33369155942,5792937298664,CONTRACTOR,3,4,5
Paul,Girard,10/29/1992,8172 Königstraße,London,,64931,DE,paul.girard@banking.com,+49556472929,5024776602349,CONTRACTOR,2,2,5
Elizabeth,Diaz,10/10/1998,3213 Park Blvd,Denver,,29601,CH,elizabeth.diaz@corp.io,+41026728857,5508424872688,PARTTIME,3,9,10
Donna,Guerin,11/17/1968,984 High Street,New York,,72460,DE,donna.guerin@banking.com,+49175455884,5124395797233,PARTTIME,1,7,2
Daniel,Laurent,08/29/1975,5819 Avenue Victor Hugo,Seattle,,76904,ES,daniel.laurent@corp.io,+34716947225,3408782316273,PARTTIME,6,10,10
Nancy,Lopez,02/05/1967,5630 Baker Street,Chicago,,51533,DE,nancy.lopez@banking.com,+49449647598,4368049572602,PARTTIME,4,3,3
Ashley,Durand,01/18/1981,1312 High Street,Frankfurt,,62041,ES,ashley.durand@example.com,+34117800681,6846932785914,FULLTIME,3,10,3
Laura,Blanc,10/03/1987,4054 Rue de Rivoli,Milan,,92114,GB,laura.blanc@company.org,+442820055778,6649313542910,PARTTIME,5,8,3
Amina,Khan,11/19/1975,9241 Königstraße,Zurich,,93858,NL,amina.khan@banking.com,+31845783174,3667404940033,PARTTIME,4,5,3
Jessica,Crawford,01/04/1960,2234 Boulevard Saint-Germain,Boston,,71498,BE,jessica.crawford@mail.net,+32077406493,9238241923859,FULLTIME,5,6,4
Anthony,Diaz,03/20/1999,4095 Sunset Blvd,Miami,,94671,CH,anthony.diaz@corp.io,+41634163894,5367955618580,PARTTIME,6,9,5
Anthony,Laurent,02/21/1966,2239 Rue de Rivoli,Berlin,,93478,DE,anthony.laurent@corp.io,+49974973502,9937658489634,FULLTIME,5,1,3
Brian,Vincent,02/24/1984,7184 Main St,Manchester,,21822,DE,brian.vincent@company.org,+49073564757,1553644563238,CONTRACTOR,7,1,6
Laura,Leroy,01/10/1965,6430 Maple Rd,Geneva,,71623,ES,laura.leroy@company.org,+34346013673,5243795393319,CONTRACTOR,1,4,8
Hugo,Bernard,10/02/2006,7747 Unter den Linden,Seattle,,50908,GB,hugo.bernard@finance.eu,+442088147435,8245312684841,FULLTIME,7,4,2
Elizabeth,Garnier,02/10/1989,2743 Oxford Street,Amsterdam,DE,51879,US,elizabeth.garnier@company.org,+10097925132,8185491778362,PARTTIME,1,10,6
Justin,Sherman,05/12/1965,2522 Lakeview Dr,Berlin,,26492,IT,justin.sherman@corp.io,+39358573065,9651785159491,CONTRACTOR,2,5,1
Sandra,Chevalier,06/10/1986,8030 High Street,Amsterdam,,34461,BE,sandra.chevalier@mail.net,+32557498218,7871884575560,FULLTIME,4,5,5
Andrew,Mercier,09/26/2000,8290 Unter den Linden,Denver,IA,02453,US,andrew.mercier@mail.net,+15935186387,7709757707088,CONTRACTOR,2,10,5
Charles,Boyer,11/21/1988,1578 Corso Buenos Aires,Seattle,,18739,FR,charles.boyer@example.com,+33220317310,4828090211154,CONTRACTOR,6,7,8
Kimberly,Bertrand,05/27/1964,3617 River Rd,Miami,,19289,IT,kimberly.bertrand@example.com,+39371705865,8242731357018,CONTRACTOR,1,10,5
Kimberly,Chen,04/25/1966,1277 High Street,Zurich,,22729,ES,kimberly.chen@example.com,+34386338392,1346584632174,CONTRACTOR,6,9,7
Hugo,Bernard,02/11/1992,6998 Cedar Ln,Frankfurt,,33644,NL,hugo.bernard@mail.net,+31685289755,9176764822383,CONTRACTOR,3,6,7
Justin,Garnier,01/06/1989,9227 Lakeview Dr,London,,59160,GB,justin.garnier@mail.net,+444577600490,6756884415347,CONTRACTOR,2,5,1
Jessica,Michel,04/10/1979,356 Oxford Street,Geneva,,77013,IT,jessica.michel@mail.net,+39992107522,6350192132982,PARTTIME,3,10,4
Robert,Bertrand,12/10/1986,9347 Unter den Linden,Amsterdam,,38499,FR,robert.bertrand@banking.com,+33157279194,8437586875258,FULLTIME,6,10,7
Laura,Sherman,12/31/1989,7116 Königstraße,Berlin,,39716,IT,laura.sherman@banking.com,+39906048058,8780983985023,CONTRACTOR,2,6,9
Amina,Michel,09/28/1973,6437 Gran Via,Brussels,OR,66155,US,amina.michel@example.com,+13646225179,2644839314307,CONTRACTOR,1,9,7
William,Martin,10/02/1995,7119 Park Blvd,Munich,,73035,BE,william.martin@mail.net,+32376938983,3650589133703,FULLTIME,1,5,7
Charles,Martin,02/04/1970,6940 Boulevard Saint-Germain,San Francisco,,34967,CH,charles.martin@finance.eu,+41590425979,8917663437704,FULLTIME,4,1,4
James,Mercier,12/29/1973,1842 Oak Ave,Manchester,,91396,FR,james.mercier@company.org,+33405147705,6720256285581,FULLTIME,6,9,4
Barbara,Khan,12/11/2006,8992 Via Roma,Brussels,,28526,ES,barbara.khan@banking.com,+34069804204,9921936948112,FULLTIME,7,10,5
Donna,Faure,09/30/1960,6368 Oxford Street,Seattle,,96520,FR,donna.faure@finance.eu,+33104636815,9528509043604,PARTTIME,7,10,9
Laura,Simon,11/03/1977,7504 Lakeview Dr,Miami,,12816,BE,laura.simon@example.com,+32384576205,8019315372954,CONTRACTOR,3,6,5
Elizabeth,Nguyen,09/30/1984,4222 Unter den Linden,Paris,OK,36725,US,elizabeth.nguyen@company.org,+12562168936,6517950538651,FULLTIME,5,3,7
Jessica,Girard,04/18/2000,2159 High Street,Los Angeles,,28163,BE,jessica.girard@mail.net,+32832482629,7638058486685,FULLTIME,3,2,9
Andrew,Dubois,07/08/1976,2385 Main St,Chicago,,64269,IT,andrew.dubois@corp.io,+39474231220,3753396437918,CONTRACTOR,5,5,10
Joshua,Michel,10/30/1980,428 Boulevard Saint-Germain,Marseille,,72469,GB,joshua.michel@company.org,+448975267722,3622711620514,FULLTIME,2,1,7
Cheryl,Roux,01/20/1997,3324 High Street,Marseille,,33209,GB,cheryl.roux@corp.io,+449757366096,4344218809251,CONTRACTOR,3,7,10
Hugo,Khan,06/15/1963,1792 Gran Via,Milan,,15559,BE,hugo.khan@company.org,+32886086803,4061894235046,PARTTIME,4,7,5
Joseph,Faure,12/08/1974,4824 River Rd,Lyon,,77760,CH,joseph.faure@company.org,+41771812982,3595208151988,PARTTIME,4,6,8
Ashley,Simon,09/13/2000,7450 Maple Rd,New York,,52477,GB,ashley.simon@banking.com,+442111751868,7837712595898,CONTRACTOR,2,7,9
Matthew,Chen,05/01/1975,9266 Park Blvd,Frankfurt,,28953,IT,matthew.chen@company.org,+39064474212,7492193346490,FULLTIME,1,10,5
Cheryl,Faure,08/23/2004,8905 Main St,Brussels,,74679,NL,cheryl.faure@company.org,+31397767199,3808074611645,FULLTIME,2,9,5
Melissa,Diaz,08/17/1978,3029 Park Blvd,Lyon,TN,45746,US,melissa.diaz@example.com,+12099451016,2212772367295,FULLTIME,2,5,10
Brandon,Diaz,12/01/1975,9486 Boulevard Saint-Germain,Lyon,,22206,NL,brandon.diaz@finance.eu,+31556168147,9041467255746,FULLTIME,1,5,6
Kimberly,Boyer,10/29/1978,954 Cedar Ln,Amsterdam,,92441,GB,kimberly.boyer@mail.net,+441794695489,2126246499279,CONTRACTOR,3,3,10
Joshua,Rivera,08/16/2006,8070 Sunset Blvd,Brussels,,40503,NL,joshua.rivera@banking.com,+31430107139,9081967657936,PARTTIME,4,1,6
Daniel,Diaz,01/18/1979,3297 Rue de Rivoli,New York,DC,08891,US,daniel.diaz@finance.eu,+14885015569,8673855800272,CONTRACTOR,1,3,4
Sarah,Girard,12/25/2002,583 Park Blvd,Rome,,30366,NL,sarah.girard@banking.com,+31785760849,6013813941202,CONTRACTOR,6,6,9
Andrew,Randall,09/07/1978,5794 Maple Rd,Munich,,46760,IT,andrew.randall@example.com,+39568299629,3227087152081,FULLTIME,7,5,6
Youssef,Chen,05/10/1984,1423 Via Roma,Manchester,,58704,CH,youssef.chen2@corp.io,+41438421503,4337854436311,FULLTIME,4,9,1
Paul,Nguyen,10/27/1973,5573 Via Roma,Denver,,78632,GB,paul.nguyen@finance.eu,+445218230768,7735501980632,FULLTIME,1,5,1
Rebecca,Martin,11/25/1989,756 Cedar Ln,Zurich,,96374,NL,rebecca.martin@banking.com,+31409435334,2150287227868,PARTTIME,5,6,8
Brandon,Dubois,06/17/1984,2581 Oxford Street,Berlin,,11999,DE,brandon.dubois@mail.net,+49881385854,6747933731804,FULLTIME,6,5,10
Elizabeth,Moreau,05/23/1966,5550 Lakeview Dr,Milan,,16648,ES,elizabeth.moreau@company.org,+34070160166,8899391642592,FULLTIME,6,10,10
Justin,Chevalier,11/27/1991,5445 High Street,Miami,,97932,ES,justin.chevalier@mail.net,+34179217174,1774282445811,CONTRACTOR,6,8,8
Robert,Michel,11/22/1972,5955 Unter den Linden,Frankfurt,,97186,ES,robert.michel@finance.eu,+34577017157,2223483079689,PARTTIME,7,3,5
Daniel,Durand,07/27/2005,6647 Cedar Ln,Chicago,,82895,FR,daniel.durand@banking.com,+33148769639,1694265746449,FULLTIME,5,3,8
Matthew,Lopez,07/26/1990,9683 Königstraße,Barcelona,,84345,GB,matthew.lopez@finance.eu,+448321971997,7050953913363,PARTTIME,5,2,8
Linda,Fournier,05/28/1996,9802 Cedar Ln,Seattle,,88172,FR,linda.fournier@corp.io,+33570132902,9781728240661,CONTRACTOR,2,8,9
Joseph,Blanc,02/12/2000,3370 Avenue Victor Hugo,Boston,,84747,GB,joseph.blanc@banking.com,+444651909862,9135864400921,PARTTIME,1,6,9
Donna,Crawford,03/24/1992,4624 Main St,Manchester,,66585,FR,donna.crawford@banking.com,+33965666683,8247891170330,CONTRACTOR,2,8,3
James,Diaz,07/03/1994,6836 Park Blvd,Boston,,97826,IT,james.diaz@company.org,+39201027621,4490584409120,FULLTIME,6,7,8
Amina,Garnier,02/17/1976,8347 Königstraße,Geneva,,68988,NL,amina.garnier@corp.io,+31532690973,9242576335907,CONTRACTOR,5,5,7
Andrew,Mercier,01/01/1963,9309 Via Roma,Miami,MO,14832,US,andrew.mercier2@mail.net,+17128478189,3537133577251,FULLTIME,2,8,2
Rebecca,Khan,01/13/1988,5629 Lakeview Dr,Paris,NJ,59511,US,rebecca.khan@mail.net,+17956544209,5229504111657,CONTRACTOR,3,10,5
Donna,Lambert,03/03/1975,4781 River Rd,Paris,MA,63538,US,donna.lambert@example.com,+12814429444,5574356141099,FULLTIME,6,2,10
Linda,Leroy,01/26/2000,2874 Oxford Street,Miami,,40958,IT,linda.leroy@corp.io,+39280512927,8010216113207,PARTTIME,7,7,4
Brandon,Chevalier,01/03/1975,9466 Boulevard Saint-Germain,Lyon,,94182,GB,brandon.chevalier@finance.eu,+441027674783,9595621798971,PARTTIME,6,7,8
William,Leroy,01/01/1999,4732 Gran Via,Madrid,UT,41377,US,william.leroy@mail.net,+10185694544,8047805940798,FULLTIME,3,10,7
Betty,Garcia,06/27/1977,5529 Sunset Blvd,Chicago,,81776,BE,betty.garcia@example.com,+32010618175,5798420878399,FULLTIME,6,5,5
James,Chen,02/15/1962,932 River Rd,Seattle,,38419,FR,james.chen@mail.net,+33111926921,3862015161409,CONTRACTOR,2,5,5
Betty,Lopez,09/05/2000,6996 Avenue Victor Hugo,New York,,31229,ES,betty.lopez@example.com,+34406650442,6549924889665,PARTTIME,1,8,4
Melissa,Guerin,01/04/1976,1777 Park Blvd,Geneva,,66525,NL,melissa.guerin@company.org,+31917410119,8505475871811,CONTRACTOR,3,8,1
Sandra,Leroy,01/29/1960,6398 Oxford Street,Munich,VA,43231,US,sandra.leroy@corp.io,+19087766183,7177361804376,FULLTIME,4,8,2
Joshua,Khan,03/14/1992,4962 Unter den Linden,Lyon,,92873,IT,joshua.khan@banking.com,+39158517432,4117333527642,CONTRACTOR,1,7,4
Jessica,Blanc,07/30/1969,7971 Maple Rd,Los Angeles,,67407,IT,jessica.blanc2@banking.com,+39320309376,5651509361757,FULLTIME,7,9,5
Sandra,Khan,04/22/2000,607 Avenue Victor Hugo,Lyon,MI,94504,US,sandra.khan@example.com,+16138782931,2658675180639,FULLTIME,6,3,8
Stephanie,Randall,04/10/2002,3977 Park Blvd,Paris,IA,82924,US,stephanie.randall@example.com,+14179291117,5417324608608,CONTRACTOR,7,10,4
Kevin,Laurent,03/28/1998,6587 Avenue Victor Hugo,Berlin,,99664,IT,kevin.laurent@mail.net,+39825309251,7669828074599,FULLTIME,3,3,7
David,Mercier,10/20/1974,3992 Pine St,Lyon,,27481,NL,david.mercier@example.com,+31962071002,4080221625447,FULLTIME,6,10,5
Anthony,Lambert,05/21/1971,2345 Oxford Street,Zurich,,69037,GB,anthony.lambert@corp.io,+443290927914,5367168914538,PARTTIME,4,1,9
Elizabeth,Laurent,07/17/1970,1568 River Rd,San Francisco,,80742,BE,elizabeth.laurent@mail.net,+32373403127,1452046888046,PARTTIME,2,3,1
Donna,Mercier,07/28/1985,7122 Oxford Street,Chicago,,90847,GB,donna.mercier@corp.io,+440108220781,9280089609335,FULLTIME,2,8,10
Angela,Morel,08/05/1997,5337 Baker Street,Berlin,,52746,GB,angela.morel@company.org,+441363631797,1800042075259,FULLTIME,4,3,4
Melissa,Faure,12/22/1975,6120 Park Blvd,Milan,,35448,CH,melissa.faure@banking.com,+41543520904,8306913721475,FULLTIME,1,8,8
Anthony,Moreau,10/28/1990,4836 River Rd,Frankfurt,,93623,GB,anthony.moreau@mail.net,+442983168739,7241498528903,PARTTIME,7,8,5
Cheryl,Garnier,02/16/1982,5363 Königstraße,Amsterdam,,39151,GB,cheryl.garnier@mail.net,+442906007806,1961962271882,CONTRACTOR,4,8,2
Mark,Rivera,07/30/1981,9151 Main St,Miami,,63296,FR,mark.rivera@company.org,+33254310742,3859866705044,CONTRACTOR,4,10,10
Ashley,Faure,08/09/2001,6642 Sunset Blvd,San Francisco,,92157,DE,ashley.faure@corp.io,+49016580464,9328483701908,CONTRACTOR,5,9,10
Barbara,Martin,02/12/1990,8434 Boulevard Saint-Germain,Lyon,DE,50194,US,barbara.martin@finance.eu,+17905528183,5695273530516,FULLTIME,3,4,9
Patricia,Lambert,10/27/1978,5251 Boulevard Saint-Germain,New York,,76003,GB,patricia.lambert@banking.com,+446401557788,7366856944791,FULLTIME,4,9,9
Joseph,Chevalier,01/10/1993,3086 Gran Via,Marseille,,20508,FR,joseph.chevalier@corp.io,+33241124127,7373563051159,FULLTIME,7,4,9
Justin,Randall,04/20/1986,8871 Park Blvd,Rome,,55442,CH,justin.randall@corp.io,+41704310385,7736964572317,PARTTIME,5,6,6
Sandra,Patel,12/12/1999,4983 Pine St,Munich,,50172,NL,sandra.patel@company.org,+31437540254,2592345236640,PARTTIME,2,10,3
Youssef,Khan,08/03/1985,2874 Park Blvd,Frankfurt,,41182,DE,youssef.khan@example.com,+49059274523,5595487878306,CONTRACTOR,6,1,6
Daniel,Leroy,06/15/1993,8846 Sunset Blvd,Geneva,,49526,NL,daniel.leroy@example.com,+31067275208,1057783303331,CONTRACTOR,3,5,8
Joseph,Leroy,08/30/1999,1841 Via Roma,Lyon,,28274,IT,joseph.leroy@banking.com,+39814069375,1707173901475,FULLTIME,3,1,10
Stephanie,Laurent,12/06/1979,3207 Main St,Marseille,,80570,ES,stephanie.laurent@corp.io,+34186375998,3329011301551,FULLTIME,6,6,7
Jennifer,Garnier,02/28/1993,6109 Main St,Boston,,55209,CH,jennifer.garnier@finance.eu,+41478137674,8736415487151,FULLTIME,7,7,7
Michael,Martin,11/19/1972,4969 Via Roma,Zurich,,53963,GB,michael.martin@example.com,+449610646287,1510686317753,CONTRACTOR,5,3,4
Linda,Blanc,12/20/1985,8038 Oak Ave,Boston,,86704,BE,linda.blanc@finance.eu,+32787300244,7295987940544,CONTRACTOR,7,8,2
Stephanie,Vincent,06/04/1997,8060 Baker Street,Paris,,25644,DE,stephanie.vincent@finance.eu,+49719597964,5218332439744,CONTRACTOR,6,8,2
Karen,Nguyen,07/28/1961,2669 Pine St,Lyon,,29154,ES,karen.nguyen@finance.eu,+34725204565,4854098871500,FULLTIME,3,5,9
Justin,Lopez,02/06/2006,3003 Cedar Ln,Brussels,,31906,GB,justin.lopez@mail.net,+445544518952,5957561986265,FULLTIME,2,9,5
Karen,Rivera,12/17/1996,2672 Cedar Ln,London,,30257,IT,karen.rivera@mail.net,+39338988816,2326985522395,PARTTIME,1,2,3
Ashley,Lambert,03/29/1991,5941 Park Blvd,Milan,,88335,ES,ashley.lambert@mail.net,+34524013223,8932296205534,PARTTIME,2,4,3
Laura,Garnier,01/08/1970,309 Via Roma,Barcelona,,15572,FR,laura.garnier@company.org,+33108907140,7413710132455,FULLTIME,3,1,2
Patricia,Lefevre,12/11/1977,5760 Main St,Marseille,,29078,DE,patricia.lefevre@banking.com,+49495528938,3623812394218,CONTRACTOR,1,2,10
Cheryl,Patel,06/20/1979,4618 Sunset Blvd,Geneva,,10567,GB,cheryl.patel@banking.com,+441387592712,7497575109867,PARTTIME,4,7,4
Steven,Michel,07/25/1996,5150 Cedar Ln,Milan,,24459,FR,steven.michel@mail.net,+33275480157,5085128584434,FULLTIME,4,5,8
Ryan,Fournier,10/30/1999,9076 Königstraße,Boston,,66093,GB,ryan.fournier@company.org,+441752071678,1734986781954,CONTRACTOR,6,2,2
Jennifer,Guerin,12/10/1995,2765 Maple Rd,San Francisco,,36094,FR,jennifer.guerin@finance.eu,+33396136749,8702997196045,CONTRACTOR,3,7,6
Paul,Guerin,06/21/2003,4570 Park Blvd,Milan,,24160,BE,paul.guerin@example.com,+32477320101,1268250463511,PARTTIME,6,1,3
Matthew,Morel,09/13/1973,1579 Maple Rd,Seattle,,78150,ES,matthew.morel@corp.io,+34734778485,8143823183130,CONTRACTOR,5,1,1
Lisa,Dubois,06/01/1994,5154 Unter den Linden,Milan,,70248,NL,lisa.dubois@example.com,+31028427624,7190468611355,CONTRACTOR,4,8,2
Joshua,Rivera,02/24/2002,9212 Sunset Blvd,Zurich,,17305,NL,joshua.rivera@corp.io,+31479695450,5271891477802,FULLTIME,5,1,3
Karen,Andre,05/31/1962,6236 Cedar Ln,Barcelona,,55238,IT,karen.andre@finance.eu,+39650333491,1220508908844,CONTRACTOR,1,5,2
Sarah,Moreau,10/07/1961,5344 Oak Ave,Milan,,96214,BE,sarah.moreau@corp.io,+32986407905,8227465930031,PARTTIME,5,7,6
Joshua,Bernard,10/24/2003,3374 Avenue Victor Hugo,Rome,,75898,FR,joshua.bernard@banking.com,+33529456371,8983067974971,CONTRACTOR,2,5,5
Donna,Fournier,01/25/1996,1507 Pine St,Berlin,,87576,GB,donna.fournier@finance.eu,+444198763514,3544988304704,CONTRACTOR,7,5,7
Brandon,Khan,02/10/1988,6789 Unter den Linden,New York,,91915,GB,brandon.khan@mail.net,+447820829737,2760919825741,PARTTIME,6,9,10
Lisa,Sherman,11/08/2006,5969 Gran Via,Munich,,41506,GB,lisa.sherman@company.org,+444665136442,5108941030733,PARTTIME,6,10,4
Nancy,Garcia,03/10/1970,3145 Main St,Manchester,,50703,DE,nancy.garcia@corp.io,+49786603242,8786309385553,FULLTIME,3,5,9
Linda,Chen,08/03/2003,907 Maple Rd,Chicago,RI,39056,US,linda.chen@example.com,+16516231981,8297425296721,CONTRACTOR,6,10,9
William,Rivera,02/05/1968,9828 Cedar Ln,Chicago,,53160,GB,william.rivera@mail.net,+446363212347,8147539881314,PARTTIME,3,10,1
Sandra,Khan,08/13/1993,5186 Lakeview Dr,Barcelona,,72240,FR,sandra.khan@banking.com,+33342575409,4694904159596,FULLTIME,7,1,4
William,Diaz,07/06/1994,5946 Cedar Ln,Geneva,,40983,ES,william.diaz@corp.io,+34606441343,1548700253549,FULLTIME,4,6,7
Thomas,Roux,03/09/1967,7719 Königstraße,Chicago,,65360,NL,thomas.roux@example.com,+31248156985,3829772416368,PARTTIME,6,1,1
Stephanie,Simon,10/12/1999,51 Unter den Linden,London,,92352,DE,stephanie.simon@finance.eu,+49591123829,1909502233968,CONTRACTOR,4,6,8
Paul,Durand,05/21/1983,9717 Avenue Victor Hugo,Boston,,36039,DE,paul.durand@example.com,+49652669300,8416686640498,CONTRACTOR,6,10,4
Laura,Faure,10/14/1977,2765 Oak Ave,Madrid,,91003,ES,laura.faure@corp.io,+34942152910,9754177705335,CONTRACTOR,5,7,8
Rebecca,Rivera,08/19/1970,3329 High Street,New York,,47743,GB,rebecca.rivera@banking.com,+447626393436,8535883414905,FULLTIME,4,3,1
Joseph,Bertrand,02/15/1981,4069 Boulevard Saint-Germain,Amsterdam,,99688,NL,joseph.bertrand@banking.com,+31710725636,6254255795580,CONTRACTOR,4,10,5
Kevin,Bernard,04/09/1965,5454 Baker Street,Rome,MN,79478,US,kevin.bernard@banking.com,+19004896465,4482933585277,FULLTIME,5,1,10
Linda,Bertrand,03/29/1975,8075 Avenue Victor Hugo,Milan,,27290,BE,linda.bertrand@example.com,+32586241502,1763675800959,PARTTIME,7,5,6
Lisa,Vincent,08/13/1983,8471 Avenue Victor Hugo,Barcelona,,31624,ES,lisa.vincent@finance.eu,+34728703203,2967178673538,FULLTIME,1,8,5
David,Faure,02/25/1999,8109 Oak Ave,Milan,,56729,FR,david.faure@banking.com,+33877712151,2059229246859,FULLTIME,7,5,3
David,Nguyen,06/21/1984,9561 Main St,Zurich,,84814,GB,david.nguyen@company.org,+446137150416,4082739701132,PARTTIME,5,2,6
Jennifer,Randall,04/10/1967,7862 Gran Via,Los Angeles,,45300,NL,jennifer.randall@mail.net,+31050975923,2251785532834,FULLTIME,7,5,6
Donna,Lopez,03/20/1994,6535 Oxford Street,Frankfurt,,41467,FR,donna.lopez@corp.io,+33103266421,7754679408039,PARTTIME,4,7,5
Rebecca,Durand,03/18/1992,6021 Corso Buenos Aires,London,,74175,FR,rebecca.durand@corp.io,+33674996165,2256913741227,CONTRACTOR,2,7,7
Laura,Chen,01/20/2006,7595 Baker Street,Los Angeles,,99946,IT,laura.chen@banking.com,+39278814761,5894498626988,PARTTIME,3,3,3
Rebecca,Fournier,04/22/1982,7008 Rue de Rivoli,Amsterdam,,16255,BE,rebecca.fournier@mail.net,+32108186617,5127757436333,CONTRACTOR,6,10,5
Daniel,Bertrand,05/03/1967,267 Cedar Ln,Denver,,96714,BE,daniel.bertrand@corp.io,+32226016459,3905759280560,CONTRACTOR,4,8,10
William,Girard,10/16/1976,3033 Maple Rd,Denver,,89174,GB,william.girard@finance.eu,+441680061027,9962056922549,PARTTIME,6,7,10
Sofia,Rivera,03/02/1987,6472 Rue de Rivoli,Marseille,,26395,IT,sofia.rivera@company.org,+39031030372,6018476047802,CONTRACTOR,2,7,9
James,Martin,12/30/1986,2428 Via Roma,Barcelona,,12859,NL,james.martin@example.com,+31227770793,8540428193214,FULLTIME,3,10,7
Donna,Girard,09/15/1960,7075 Königstraße,Rome,,85846,FR,donna.girard@mail.net,+33840767899,3815898439108,CONTRACTOR,7,8,4
Youssef,Sherman,09/15/1961,9444 Avenue Victor Hugo,Geneva,,18324,CH,youssef.sherman@finance.eu,+41671795760,5055528897993,FULLTIME,3,4,8
Daniel,Chevalier,10/27/1980,3600 Pine St,Seattle,,54453,BE,daniel.chevalier@mail.net,+32724665729,2996785829327,FULLTIME,3,2,8
Michael,Simon,11/23/1977,9925 Via Roma,Berlin,,64523,DE,michael.simon@corp.io,+49433800545,5306688806356,CONTRACTOR,2,3,9
Thomas,Lopez,04/19/1990,1868 River Rd,Manchester,,25818,CH,thomas.lopez@mail.net,+41374550842,2186394271188,CONTRACTOR,7,9,10
Brandon,Bernard,07/10/1964,7490 Cedar Ln,Berlin,,90028,NL,brandon.bernard@mail.net,+31180812135,3007801558484,FULLTIME,6,5,8
Steven,Rivera,11/27/1968,5960 Avenue Victor Hugo,Munich,,26119,DE,steven.rivera@company.org,+49760375482,3709403424217,FULLTIME,3,6,7
Karen,Garcia,08/07/1973,6910 Baker Street,Munich,,66206,BE,karen.garcia@corp.io,+32678507208,2642117129691,FULLTIME,1,6,6
Nancy,Moreau,12/10/1998,6444 Oak Ave,Seattle,TN,19785,US,nancy.moreau@mail.net,+10846684550,3679977207259,PARTTIME,5,10,3
Amina,Guerin,01/11/2000,8920 River Rd,Brussels,,95463,GB,amina.guerin@corp.io,+445634108562,5669654599133,CONTRACTOR,5,5,4
Laura,Nguyen,01/05/1988,5583 Sunset Blvd,Paris,,13655,BE,laura.nguyen@mail.net,+32943468105,5547502063070,PARTTIME,6,9,6
Patricia,Sherman,03/11/1971,4882 Pine St,Denver,,10683,NL,patricia.sherman@corp.io,+31539989354,9420151944672,PARTTIME,6,10,3
Youssef,Blanc,08/15/2006,1725 Avenue Victor Hugo,Zurich,,86332,GB,youssef.blanc@company.org,+445712661106,3590720536040,FULLTIME,4,4,8
Kevin,Mercier,02/18/1996,8503 Unter den Linden,New York,,86585,BE,kevin.mercier@corp.io,+32677622827,5207464846825,CONTRACTOR,4,3,9
Kimberly,Dubois,01/28/1979,7756 Oak Ave,Denver,,30557,NL,kimberly.dubois@mail.net,+31519611594,4098541823466,FULLTIME,5,3,2
Karen,Fournier,08/05/1993,4817 Via Roma,Paris,,28726,ES,karen.fournier@company.org,+34960443270,8577932240362,FULLTIME,5,6,2
Thomas,Boyer,03/03/2003,9270 Gran Via,Chicago,,59454,ES,thomas.boyer@corp.io,+34922877725,5747568610807,FULLTIME,7,10,10
Anthony,Blanc,11/20/1980,5555 Lakeview Dr,Lyon,,97876,CH,anthony.blanc@corp.io,+41412094818,3691687394808,FULLTIME,2,10,9
Joshua,Sherman,10/22/2006,7797 Corso Buenos Aires,Paris,,25765,GB,joshua.sherman@banking.com,+448204339718,1917144821246,CONTRACTOR,3,7,10
Thomas,Rivera,02/01/1962,7161 Sunset Blvd,Barcelona,,13153,IT,thomas.rivera@mail.net,+39564111824,9032635659779,FULLTIME,2,5,2
Jennifer,Fournier,07/15/1996,966 River Rd,Chicago,,33784,DE,jennifer.fournier@example.com,+49046152654,3313837866499,PARTTIME,7,2,1
James,Garcia,03/20/1981,8334 Corso Buenos Aires,Madrid,,25083,NL,james.garcia@finance.eu,+31057861706,2874681103877,CONTRACTOR,2,1,5
Emily,Bernard,02/05/1982,2058 Rue de Rivoli,Amsterdam,,63313,BE,emily.bernard@corp.io,+32183258238,7250767330824,PARTTIME,5,8,1
Cheryl,Faure,12/13/1985,9 Oak Ave,Rome,,45822,DE,cheryl.faure@mail.net,+49465398402,1811853725199,CONTRACTOR,5,10,2
Jessica,Martin,06/19/1995,2289 Lakeview Dr,New York,,66618,FR,jessica.martin@company.org,+33985547435,2071775567376,PARTTIME,2,8,10
Sarah,Randall,12/30/1971,9975 Via Roma,Paris,AL,88172,US,sarah.randall@company.org,+16876811807,8230249215505,CONTRACTOR,1,6,7
Ryan,Andre,09/12/1994,139 Cedar Ln,Milan,,58559,DE,ryan.andre@company.org,+49703045319,8253690449424,CONTRACTOR,3,4,4
Sandra,Mercier,04/20/1963,8075 River Rd,London,,10935,ES,sandra.mercier@company.org,+34614987283,1304053331475,CONTRACTOR,6,10,10
Joshua,Simon,11/11/1965,1066 Park Blvd,New York,,84698,DE,joshua.simon@company.org,+49843089487,3220657090064,FULLTIME,4,1,6
Lisa,Boyer,08/01/1984,8492 Gran Via,Rome,,57378,FR,lisa.boyer@mail.net,+33030468750,2768966893079,PARTTIME,2,6,2
Joshua,Randall,03/29/1980,1220 Baker Street,London,,31558,CH,joshua.randall@finance.eu,+41411076095,8844963374619,PARTTIME,2,2,8
Elizabeth,Girard,11/18/1964,8515 Baker Street,Marseille,,88638,IT,elizabeth.girard@mail.net,+39717911006,9179694337567,PARTTIME,7,2,3
Donna,Chevalier,11/30/1964,7076 Maple Rd,Berlin,,98809,ES,donna.chevalier@example.com,+34804661963,9378152371743,CONTRACTOR,7,10,1
Betty,Blanc,08/24/2001,1660 Avenue Victor Hugo,Los Angeles,,98575,CH,betty.blanc@example.com,+41785931109,5002898464299,CONTRACTOR,1,10,4
Joshua,Durand,08/27/2005,5823 Königstraße,Rome,,91376,ES,joshua.durand@corp.io,+34232002496,4343960983085,CONTRACTOR,6,6,5
Angela,Khan,01/23/1973,7693 Rue de Rivoli,Brussels,,54944,DE,angela.khan@finance.eu,+49508920388,2097002397231,FULLTIME,4,6,4
James,Laurent,02/19/1966,3103 Via Roma,Miami,,71263,IT,james.laurent@mail.net,+39599594652,1383520095792,FULLTIME,4,1,8
Robert,Crawford,01/04/1980,7644 River Rd,London,,41328,GB,robert.crawford@corp.io,+445636205015,2746935381557,FULLTIME,5,2,3
Joseph,Chevalier,06/10/1977,720 Main St,London,,35929,IT,joseph.chevalier@finance.eu,+39234258323,1986880405049,FULLTIME,2,5,2
Ashley,Durand,12/29/1993,5545 High Street,Boston,,69795,FR,ashley.durand@company.org,+33552896112,4152612451898,FULLTIME,7,4,4
Andrew,Blanc,07/29/1993,9824 Königstraße,Los Angeles,,42053,IT,andrew.blanc@example.com,+39993842530,1633703484987,CONTRACTOR,7,5,3
Steven,Rivera,10/09/1978,7712 River Rd,Marseille,,31945,FR,steven.rivera@mail.net,+33685787255,3799877189177,CONTRACTOR,6,8,8
Paul,Roux,12/21/1995,3395 Baker Street,London,NE,30721,US,paul.roux@corp.io,+13466925481,9178553882171,FULLTIME,7,2,5
Mark,Patel,07/17/1991,9568 Oak Ave,Milan,,77143,GB,mark.patel@mail.net,+445677665754,7141516584510,PARTTIME,1,3,8
Robert,Bertrand,10/22/1966,1351 Rue de Rivoli,Zurich,,77212,IT,robert.bertrand@mail.net,+39143111508,7348938696254,FULLTIME,3,4,6
William,Fournier,08/15/1984,9897 Park Blvd,Miami,,81188,GB,william.fournier@finance.eu,+440445669078,6461793068608,FULLTIME,7,7,4
Robert,Lefevre,07/25/2002,8452 Pine St,Geneva,,71438,GB,robert.lefevre@banking.com,+447515366377,2707800321597,CONTRACTOR,1,6,3
Joshua,Durand,05/31/1987,8189 Boulevard Saint-Germain,Chicago,IN,54938,US,joshua.durand2@corp.io,+16845909022,2030657758790,PARTTIME,5,10,10
Joshua,Guerin,03/18/1994,6401 Maple Rd,Geneva,,60650,GB,joshua.guerin@company.org,+447159741218,8586476564054,FULLTIME,1,10,8
Ashley,Simon,11/07/1977,6323 Rue de Rivoli,London,,40544,FR,ashley.simon@finance.eu,+33817058025,6067750766166,PARTTIME,4,3,2
Michael,Khan,07/15/1997,1127 Unter den Linden,London,,27030,NL,michael.khan@company.org,+31467299493,5441216845401,CONTRACTOR,6,8,5
James,Crawford,10/19/1972,1049 Unter den Linden,Brussels,,42353,NL,james.crawford@mail.net,+31597779014,8998138179164,CONTRACTOR,4,6,5
Nancy,Simon,03/27/1997,2943 River Rd,Denver,,66633,GB,nancy.simon@corp.io,+446291603248,4168794742374,PARTTIME,6,2,4
Sandra,Boyer,11/16/1970,1254 Cedar Ln,Zurich,,52731,IT,sandra.boyer@corp.io,+39724380701,7707928923759,CONTRACTOR,6,8,7
Sarah,Guerin,06/10/1977,619 Main St,New York,,25031,CH,sarah.guerin@banking.com,+41257771183,3467238008445,CONTRACTOR,4,3,8
Susan,Moreau,04/21/1975,9945 Cedar Ln,Frankfurt,MA,16272,US,susan.moreau@mail.net,+16210427523,3197031370373,CONTRACTOR,1,9,4
Mark,Sherman,11/28/2006,6400 Rue de Rivoli,Milan,,16870,FR,mark.sherman@mail.net,+33006335331,9577830686343,FULLTIME,4,1,1
Sarah,Laurent,09/01/1965,1583 Sunset Blvd,Denver,,31895,GB,sarah.laurent@example.com,+446815583938,2227776646793,PARTTIME,4,2,4
Barbara,Bernard,12/28/1991,2845 Main St,Madrid,,95720,IT,barbara.bernard@finance.eu,+39063731495,1778483105420,FULLTIME,1,4,7
Jessica,Rivera,02/18/1969,9326 Sunset Blvd,New York,,22418,BE,jessica.rivera@mail.net,+32562525715,9272458796685,FULLTIME,5,10,8
Matthew,Nguyen,11/07/1980,9626 Main St,Manchester,,12780,BE,matthew.nguyen@mail.net,+32143639102,5280758630029,PARTTIME,4,5,4
Jennifer,Blanc,05/03/1978,3901 River Rd,Milan,WI,43082,US,jennifer.blanc@company.org,+14508640355,3404663395981,FULLTIME,2,9,1
Brandon,Garcia,12/16/1979,8544 Avenue Victor Hugo,Frankfurt,,67981,CH,brandon.garcia@banking.com,+41017130232,6564227982997,FULLTIME,2,10,9
Barbara,Garcia,07/10/2005,6984 Gran Via,Boston,,31516,FR,barbara.garcia@banking.com,+33336293449,7316058314392,PARTTIME,6,4,5
Paul,Martin,04/04/1992,6189 Sunset Blvd,Rome,,67852,CH,paul.martin@corp.io,+41896270661,3780711143066,PARTTIME,5,9,3
Emily,Simon,01/30/1983,7597 Rue de Rivoli,Milan,,47122,CH,emily.simon@corp.io,+41897152732,1370819253915,FULLTIME,1,1,9
Sofia,Mercier,02/02/2004,6813 Unter den Linden,Denver,,58908,CH,sofia.mercier@corp.io,+41749160169,7306271995547,FULLTIME,2,7,5
Sofia,Andre,09/19/2005,6033 Oak Ave,Los Angeles,,60506,NL,sofia.andre@corp.io,+31337050249,4197438647965,PARTTIME,6,3,5
Elizabeth,Moreau,02/08/1961,1513 Unter den Linden,Madrid,,86829,FR,elizabeth.moreau@example.com,+33836264488,6316505097882,CONTRACTOR,4,10,5
Sofia,Boyer,12/22/1967,9382 Boulevard Saint-Germain,Munich,,45261,FR,sofia.boyer@banking.com,+33364027011,7852277339807,CONTRACTOR,4,9,7
Stephanie,Vincent,08/30/1998,2891 Boulevard Saint-Germain,Frankfurt,,27607,DE,stephanie.vincent@company.org,+49728179323,2724645514915,FULLTIME,6,3,4
William,Boyer,07/16/1999,2722 Maple Rd,Boston,,21233,FR,william.boyer@corp.io,+33141509377,7992120610467,CONTRACTOR,7,2,1
Donna,Roux,08/24/1960,1587 High Street,Zurich,DC,00951,US,donna.roux@corp.io,+19847759655,2967136552614,CONTRACTOR,3,6,4
Karen,Guerin,12/13/1993,5834 Avenue Victor Hugo,Berlin,AL,59889,US,karen.guerin@banking.com,+16209184357,7033216204455,CONTRACTOR,6,8,9
Anthony,Laurent,04/12/1960,273 Boulevard Saint-Germain,Lyon,,52667,IT,anthony.laurent@banking.com,+39739769156,9389704853172,PARTTIME,6,2,7
Joseph,Laurent,11/04/1972,9370 Corso Buenos Aires,Lyon,,26759,BE,joseph.laurent@corp.io,+32148727178,5165817118389,FULLTIME,2,4,3
Brandon,Martin,06/18/1969,479 Sunset Blvd,Chicago,,60264,CH,brandon.martin@finance.eu,+41347128715,2037797684918,FULLTIME,5,10,2
Stephanie,Girard,10/27/1993,9207 Königstraße,Manchester,,39301,CH,stephanie.girard@finance.eu,+41141115931,6307602390708,CONTRACTOR,3,3,6
Matthew,Crawford,11/19/1987,9668 Lakeview Dr,London,MS,55535,US,matthew.crawford@finance.eu,+15289931608,2841124204212,PARTTIME,3,3,5
Robert,Rivera,11/21/2000,9855 Rue de Rivoli,Munich,,97208,DE,robert.rivera@banking.com,+49095481497,5976608480953,CONTRACTOR,7,4,8
Joseph,Blanc,04/11/1965,2502 High Street,Denver,,39500,IT,joseph.blanc2@banking.com,+39027642086,6821431312058,PARTTIME,4,8,6
Nancy,Guerin,06/11/1966,4638 Rue de Rivoli,Miami,,35571,BE,nancy.guerin@banking.com,+32861259047,7995181901500,CONTRACTOR,2,10,3
Mark,Lambert,02/11/1986,3437 High Street,Denver,,35644,DE,mark.lambert@banking.com,+49059126620,3347012632255,FULLTIME,3,8,3
Donna,Dubois,03/29/2006,9723 Königstraße,Munich,,92178,IT,donna.dubois@banking.com,+39630136749,7219554139843,FULLTIME,6,7,2
Betty,Blanc,09/09/1984,6019 Main St,Berlin,,25286,NL,betty.blanc2@example.com,+31178309997,5134984652484,PARTTIME,6,2,10
Linda,Blanc,06/09/2003,4889 Pine St,Munich,,23033,CH,linda.blanc2@finance.eu,+41182606888,6069055592133,PARTTIME,1,9,10
Andrew,Dubois,08/12/1978,2961 River Rd,Miami,,33584,FR,andrew.dubois@example.com,+33875102932,6866940554958,FULLTIME,5,5,1
Laura,Dubois,05/29/2005,5957 Lakeview Dr,Frankfurt,,65450,ES,laura.dubois@banking.com,+34034084872,7233848897235,CONTRACTOR,4,6,9
Daniel,Khan,10/22/2005,1623 Oak Ave,Manchester,,14814,GB,daniel.khan@company.org,+442432983954,7152370155220,FULLTIME,6,10,7
Kevin,Diaz,11/15/1982,6256 Sunset Blvd,Madrid,,69777,ES,kevin.diaz@example.com,+34462831435,3453385008862,CONTRACTOR,6,9,10
David,Boyer,10/08/1973,7105 Unter den Linden,Paris,,89116,IT,david.boyer@company.org,+39141818615,4972700868318,CONTRACTOR,1,6,6
Susan,Leroy,04/02/1980,162 Cedar Ln,Madrid,,39127,ES,susan.leroy@corp.io,+34112849718,9185368571616,PARTTIME,6,10,5
Emily,Roux,11/20/1968,2798 Avenue Victor Hugo,Madrid,IA,45242,US,emily.roux@banking.com,+18896792408,6139157544676,CONTRACTOR,2,3,3
Matthew,Roux,09/28/1964,4082 River Rd,Barcelona,,70003,IT,matthew.roux@company.org,+39757844683,6163029802729,PARTTIME,6,2,5
Anthony,Morel,02/01/1968,1257 Baker Street,Marseille,,31641,FR,anthony.morel@mail.net,+33014870682,9131074899695,PARTTIME,4,9,9
Amina,Dubois,05/17/1996,3116 Main St,Miami,ND,92090,US,amina.dubois@mail.net,+15389097283,9010426801904,FULLTIME,1,6,3
Steven,Andre,07/26/1964,8119 Unter den Linden,Frankfurt,,58927,CH,steven.andre@example.com,+41538144744,1986966920946,FULLTIME,1,10,7
Barbara,Fournier,04/01/2006,7587 River Rd,Rome,AR,46628,US,barbara.fournier@example.com,+19754510526,4372096024310,PARTTIME,1,2,7
Sandra,Laurent,08/08/1967,8427 Park Blvd,Barcelona,,26232,BE,sandra.laurent@corp.io,+32024376545,7862298922749,PARTTIME,2,9,5
Brian,Chevalier,06/01/1999,2292 Boulevard Saint-Germain,Denver,,66880,DE,brian.chevalier@example.com,+49531340266,5210388713215,CONTRACTOR,3,1,3
Brandon,Laurent,12/31/2002,1947 Königstraße,Rome,,82105,ES,brandon.laurent@corp.io,+34256862110,5895902252800,FULLTIME,2,6,9
Cheryl,Garcia,09/01/1964,7040 River Rd,Denver,,11052,IT,cheryl.garcia@corp.io,+39744716392,4951770242815,CONTRACTOR,5,3,4
Susan,Dubois,08/23/1983,7032 High Street,Rome,,23508,GB,susan.dubois@banking.com,+448923923126,5652026357519,FULLTIME,3,4,3
Lisa,Randall,11/28/1977,835 Unter den Linden,Barcelona,,78809,FR,lisa.randall@finance.eu,+33335670860,6906747039513,PARTTIME,1,5,6
Susan,Andre,07/04/1997,5241 Oak Ave,Frankfurt,,15359,GB,susan.andre@example.com,+440534749162,5235086540570,PARTTIME,4,6,6
Jessica,Dubois,09/09/1968,9041 Park Blvd,Chicago,MO,97162,US,jessica.dubois@finance.eu,+19895343961,1952319129370,FULLTIME,2,10,2
Thomas,Laurent,04/22/1977,1617 Maple Rd,Geneva,,91134,NL,thomas.laurent@finance.eu,+31473820236,5676826015513,CONTRACTOR,6,5,9
Daniel,Mercier,03/26/2000,7146 Maple Rd,Rome,,64919,FR,daniel.mercier@mail.net,+33802942409,7488694419229,FULLTIME,7,4,7
Sandra,Khan,01/24/2006,2712 Gran Via,Zurich,,60351,FR,sandra.khan@mail.net,+33669432029,2586413924123,FULLTIME,5,1,9
Betty,Nguyen,03/22/1983,3610 Rue de Rivoli,Miami,,45194,ES,betty.nguyen@mail.net,+34123083402,8772779400991,PARTTIME,2,5,1
Stephanie,Garcia,11/02/1978,1904 Main St,Los Angeles,,55542,BE,stephanie.garcia@banking.com,+32955184269,8081111437089,PARTTIME,3,1,1
Daniel,Michel,02/02/1985,4195 Main St,Geneva,,96155,DE,daniel.michel@mail.net,+49164983735,6826278682407,PARTTIME,2,10,7
Jennifer,Chevalier,10/15/1980,6040 Park Blvd,Rome,,22280,CH,jennifer.chevalier@corp.io,+41272239724,5897284939565,FULLTIME,3,3,3
Nancy,Laurent,03/25/1966,1181 Königstraße,Manchester,,69640,DE,nancy.laurent@banking.com,+49618209166,3033716076333,FULLTIME,1,1,1
Michael,Garcia,07/02/1967,2337 River Rd,Paris,,11231,ES,michael.garcia@example.com,+34851327972,9322550136625,PARTTIME,3,8,3
Elizabeth,Sherman,12/30/1983,2017 Main St,Lyon,,23476,BE,elizabeth.sherman@mail.net,+32418620303,2297758623539,PARTTIME,4,3,6
Stephanie,Vincent,04/06/1980,1842 Via Roma,Frankfurt,,24435,CH,stephanie.vincent2@company.org,+41145195151,3689120466741,FULLTIME,5,3,3
Lisa,Patel,01/15/1990,6968 Park Blvd,Seattle,,49526,DE,lisa.patel@mail.net,+49451475410,5655417749303,FULLTIME,7,3,6
Jennifer,Blanc,01/28/2000,1103 Cedar Ln,Amsterdam,,66027,NL,jennifer.blanc@banking.com,+31421522655,8976948156217,PARTTIME,4,8,7
Ryan,Girard,05/26/1972,6279 Königstraße,Geneva,,75156,GB,ryan.girard@mail.net,+448788361968,4468918935363,CONTRACTOR,7,4,2
Elizabeth,Mercier,04/03/1960,282 Boulevard Saint-Germain,Geneva,,72118,GB,elizabeth.mercier@company.org,+441055247286,8771592947529,FULLTIME,2,4,1
Hugo,Durand,07/08/1970,6185 Main St,Miami,,65667,DE,hugo.durand@finance.eu,+49019179202,5652355927892,PARTTIME,2,2,4
Kevin,Crawford,05/13/1997,2989 Via Roma,Denver,,28364,DE,kevin.crawford@banking.com,+49847657041,4227332407137,FULLTIME,1,1,10
Linda,Nguyen,05/21/1974,6495 Königstraße,Seattle,NH,72634,US,linda.nguyen@banking.com,+14984362418,6391347533666,PARTTIME,2,4,7
Melissa,Sherman,08/22/1979,3010 Lakeview Dr,Brussels,,20119,CH,melissa.sherman@banking.com,+41775662056,6268610617194,FULLTIME,3,2,2
Kevin,Mercier,02/04/1990,3925 Rue de Rivoli,Frankfurt,OH,13954,US,kevin.mercier@example.com,+13904383034,9623531247468,FULLTIME,5,10,1
Joshua,Lambert,02/05/1964,5155 Maple Rd,Boston,AL,46746,US,joshua.lambert@finance.eu,+16835652156,1261288748912,CONTRACTOR,5,2,9
Jennifer,Randall,04/13/1994,9607 Oak Ave,Boston,,31131,NL,jennifer.randall@company.org,+31711332288,4531217485685,CONTRACTOR,5,9,6
Mark,Durand,06/01/1990,5904 River Rd,Barcelona,,15244,ES,mark.durand@banking.com,+34633991297,2387046586230,FULLTIME,7,1,3
Jessica,Diaz,10/27/1967,1542 Gran Via,Chicago,,32245,NL,jessica.diaz@finance.eu,+31214955112,2796741992313,CONTRACTOR,7,8,5
Paul,Bertrand,08/28/1999,2032 Pine St,Rome,,15189,DE,paul.bertrand@finance.eu,+49466927589,6001807519611,PARTTIME,3,2,7
Steven,Chevalier,07/31/1983,935 Baker Street,Miami,OK,01041,US,steven.chevalier@company.org,+11462961367,1163520327555,CONTRACTOR,1,6,8
Betty,Khan,09/14/2001,1407 Sunset Blvd,Denver,,24201,FR,betty.khan@corp.io,+33636515597,8883373049733,FULLTIME,6,8,2
Susan,Faure,06/08/1963,2552 Via Roma,Munich,,93914,BE,susan.faure@company.org,+32590960567,5196837525387,FULLTIME,1,4,1
Rebecca,Garnier,03/17/1984,2886 Maple Rd,Munich,,19077,ES,rebecca.garnier@finance.eu,+34614768342,2314922968975,FULLTIME,1,7,6
Jessica,Moreau,10/25/1977,6867 Via Roma,Rome,,80189,IT,jessica.moreau@banking.com,+39265960893,3194075518867,FULLTIME,6,10,10
Jennifer,Morel,05/24/1988,2466 Gran Via,Munich,NM,41472,US,jennifer.morel@example.com,+16480727910,9523454080915,FULLTIME,6,4,7
Amina,Khan,11/25/1974,3542 Boulevard Saint-Germain,London,,35055,CH,amina.khan2@banking.com,+41905504481,1218496667539,CONTRACTOR,4,8,7
Anthony,Andre,08/07/1991,6978 Corso Buenos Aires,Chicago,,24860,BE,anthony.andre@company.org,+32765289286,7314017318807,PARTTIME,3,7,5
Amina,Bernard,11/11/1967,1469 Main St,Brussels,,63907,FR,amina.bernard@example.com,+33798178904,9237730615193,PARTTIME,2,4,8
Emily,Blanc,04/09/1970,7694 Cedar Ln,San Francisco,,70810,GB,emily.blanc@corp.io,+446053844446,8163178655645,CONTRACTOR,2,1,7
Thomas,Crawford,05/10/1962,6135 Corso Buenos Aires,Denver,,88636,DE,thomas.crawford@finance.eu,+49529638639,5320100212640,CONTRACTOR,4,1,10
Lisa,Durand,01/10/1995,6605 Avenue Victor Hugo,Zurich,,30767,DE,lisa.durand@corp.io,+49312819648,5161173462949,FULLTIME,3,4,2
Laura,Randall,03/30/1999,9721 Park Blvd,Paris,SC,92743,US,laura.randall@mail.net,+11960275233,7726383052711,PARTTIME,2,9,4
Sofia,Blanc,05/15/1983,4506 Maple Rd,Munich,SD,03033,US,sofia.blanc@banking.com,+19117911244,6191784335277,FULLTIME,1,2,8
Karen,Lefevre,01/22/1995,8046 Main St,Barcelona,,19643,FR,karen.lefevre@corp.io,+33136657224,5877526615983,FULLTIME,2,10,10
Thomas,Dubois,10/03/1990,7929 River Rd,Brussels,,81628,IT,thomas.dubois@example.com,+39284139080,3012919998385,CONTRACTOR,5,3,4
Karen,Dubois,06/19/1979,5367 Park Blvd,Manchester,CO,95386,US,karen.dubois@banking.com,+12447315847,1507327662006,CONTRACTOR,7,8,7
Steven,Guerin,04/27/1977,2834 High Street,Seattle,,46842,ES,steven.guerin@corp.io,+34199423767,2823915366343,PARTTIME,5,5,6
Melissa,Bernard,05/13/1994,3273 Pine St,San Francisco,,59015,CH,melissa.bernard@banking.com,+41172084964,1046473906128,CONTRACTOR,7,9,6
Nancy,Randall,04/14/1970,5287 Königstraße,Frankfurt,,56890,DE,nancy.randall@company.org,+49135525105,1955257624530,CONTRACTOR,1,6,4
Betty,Morel,11/14/1980,1086 Unter den Linden,Boston,,88879,BE,betty.morel@company.org,+32831849196,7964969062355,CONTRACTOR,7,7,6
Charles,Laurent,09/07/1977,8093 Via Roma,Lyon,LA,55212,US,charles.laurent@example.com,+11729596390,3453563977694,PARTTIME,1,10,1
Betty,Vincent,10/04/1971,607 Lakeview Dr,Zurich,,15127,CH,betty.vincent@finance.eu,+41017164455,9490440488928,PARTTIME,1,9,6
Sandra,Sherman,04/15/1995,7448 Via Roma,Los Angeles,,25913,ES,sandra.sherman@finance.eu,+34910300215,5295592513504,CONTRACTOR,6,7,4
David,Martin,02/23/1977,8808 Main St,Miami,,16880,IT,david.martin@finance.eu,+39010414596,8308949776358,PARTTIME,6,3,3
Angela,Faure,10/03/1970,5232 Park Blvd,Amsterdam,,64171,DE,angela.faure@banking.com,+49718839774,9900087728107,PARTTIME,7,8,4
Laura,Bertrand,07/30/1986,5784 Lakeview Dr,Manchester,,96439,FR,laura.bertrand@banking.com,+33311703037,3435235880944,PARTTIME,2,8,2
Sarah,Lefevre,02/08/2006,5109 Gran Via,Los Angeles,,30184,IT,sarah.lefevre@mail.net,+39123567983,9310676869104,PARTTIME,2,2,5
Lisa,Moreau,07/22/1987,2414 Gran Via,Berlin,,24444,FR,lisa.moreau@company.org,+33072407875,9036957974514,PARTTIME,1,9,2
Daniel,Garnier,01/09/1979,6504 Corso Buenos Aires,Barcelona,,76574,DE,daniel.garnier@finance.eu,+49074510663,7049594245109,PARTTIME,2,7,3
Ryan,Roux,04/13/2004,7104 Cedar Ln,Seattle,,16536,BE,ryan.roux@banking.com,+32313100943,2209678157815,FULLTIME,5,2,5
Robert,Guerin,02/28/1995,1660 Baker Street,Denver,,45162,CH,robert.guerin@corp.io,+41323549401,5275522566137,FULLTIME,5,10,8
Hugo,Fournier,05/29/1981,5163 Maple Rd,Frankfurt,,34555,DE,hugo.fournier@finance.eu,+49720765024,8057986127868,FULLTIME,2,1,10
Daniel,Lambert,02/02/1960,4056 Via Roma,Berlin,,15921,NL,daniel.lambert@example.com,+31943882211,6203674193917,PARTTIME,7,6,8
